id,first_name,last_name,email,gender,ip_address,Currency
1,Andrea,Ottewill,aottewill0@g.co,Male,46.152.41.154,Peso
2,Shane,Badrock,sbadrock1@barnesandnoble.com,Female,23.140.91.17,Rupiah
3,Nelie,Wetton,nwetton2@qq.com,Female,191.214.75.157,Rupiah
4,Heida,Drain,hdrain3@google.nl,Female,46.241.199.161,Lek
5,Babette,Linacre,blinacre4@e-recht24.de,Female,60.79.240.77,Yuan Renminbi
6,Katalin,Jaynes,kjaynes5@ucoz.com,Female,44.7.180.68,Rupiah
7,Denney,Sibson,dsibson6@nih.gov,Male,92.114.206.255,Yuan Renminbi
8,Ase,Innocenti,ainnocenti7@arstechnica.com,Male,221.104.242.5,Sol
9,Lauren,Wellsman,lwellsman8@examiner.com,Female,8.150.53.126,Real
10,Evangeline,Blencoe,eblencoe9@cmu.edu,Female,7.15.196.248,Yuan Renminbi
11,Amy,Dust,adusta@wikia.com,Female,60.31.72.193,Euro
12,Irwin,Ellery,ielleryb@ocn.ne.jp,Male,123.128.27.187,Peso
13,Chick,Ivashnikov,civashnikovc@microsoft.com,Male,212.11.162.252,Tenge
14,Ronalda,Cant,rcantd@dell.com,Female,251.37.140.164,Quetzal
15,Hailee,Grinnell,hgrinnelle@fda.gov,Female,239.243.106.100,Yuan Renminbi
16,Kimble,Rainton,kraintonf@taobao.com,Agender,218.1.42.63,Rupiah
17,Faye,Yankov,fyankovg@tripadvisor.com,Female,90.227.91.53,Peso
18,Danyette,Zellmer,dzellmerh@fc2.com,Female,43.232.27.183,Boliviano
19,Kevon,Oddie,koddiei@google.co.jp,Male,141.206.245.229,Yuan Renminbi
20,Jackie,Dukesbury,jdukesburyj@tiny.cc,Male,3.2.41.212,Baht
21,Freda,Nicholls,fnichollsk@ucla.edu,Female,14.42.152.187,Peso
22,Cam,Delea,cdeleal@stumbleupon.com,Male,203.57.227.76,Afghani
23,Roze,Partner,rpartnerm@bigcartel.com,Genderqueer,91.91.255.226,Yen
24,Sarina,Lilley,slilleyn@sourceforge.net,Female,206.134.234.82,Gourde
25,Saxe,Sevitt,ssevitto@engadget.com,Male,223.75.163.106,Euro
26,Maddie,Evins,mevinsp@netscape.com,Male,203.51.95.112,Peso
27,Cecelia,Martschke,cmartschkeq@ucla.edu,Female,229.163.1.186,Ruble
28,Andonis,Garnett,agarnettr@auda.org.au,Male,95.173.184.228,Yuan Renminbi
29,Derrick,Peever,dpeevers@prlog.org,Male,207.130.192.40,Naira
30,Raul,MacPaike,rmacpaiket@gnu.org,Male,82.116.55.66,Rupiah
31,Evan,Yesenev,eyesenevu@mozilla.com,Agender,249.246.26.224,Krona
32,Terrel,Dixey,tdixeyv@ftc.gov,Male,223.84.253.118,Euro
33,Gearalt,Verling,gverlingw@wikia.com,Male,234.48.248.153,Marka
34,Roselle,Hebburn,rhebburnx@chron.com,Female,250.131.12.157,Dollar
35,Mil,Petofi,mpetofiy@usatoday.com,Female,243.127.234.18,Euro
36,Thadeus,Carryer,tcarryerz@scientificamerican.com,Male,152.123.90.160,Rupiah
37,Melba,Leask,mleask10@npr.org,Female,247.31.2.72,Kwacha
38,Bart,Birchett,bbirchett11@salon.com,Male,223.35.146.200,Rupiah
39,Faulkner,Holdron,fholdron12@xing.com,Male,95.97.166.94,Real
40,Steffi,Pauncefort,spauncefort13@mayoclinic.com,Female,5.202.220.241,Peso
41,Hazel,Camilleri,hcamilleri14@netvibes.com,Female,206.193.246.231,Euro
42,Erna,Cantero,ecantero15@independent.co.uk,Female,184.2.70.127,Lek
43,Juliane,Bothe,jbothe16@uiuc.edu,Female,23.37.171.115,Yuan Renminbi
44,Jervis,Ashpole,jashpole17@baidu.com,Male,54.11.28.218,Krone
45,Carlynn,Andri,candri18@foxnews.com,Female,138.125.146.215,Rupee
46,Cherrita,Drinkhall,cdrinkhall19@squarespace.com,Female,221.91.254.9,Rupee
47,Abbe,Gillean,agillean1a@reuters.com,Male,176.98.90.192,Kuna
48,Maurits,Gherardi,mgherardi1b@businessweek.com,Male,157.187.13.99,Rupiah
49,Birk,Vlasyuk,bvlasyuk1c@cam.ac.uk,Polygender,30.145.236.57,Rial
50,Trudey,Gayden,tgayden1d@istockphoto.com,Female,31.153.0.197,Yuan Renminbi
51,Dav,Fidler,dfidler1e@networkadvertising.org,Male,150.204.149.98,Dollar
52,Adam,Battson,abattson1f@linkedin.com,Male,221.148.62.225,Franc
53,Perice,Wysome,pwysome1g@vinaora.com,Male,230.22.214.74,Yuan Renminbi
54,Aurore,Aberchirder,aaberchirder1h@disqus.com,Female,0.118.179.222,Yuan Renminbi
55,Vasily,Schurig,vschurig1i@upenn.edu,Genderfluid,121.55.80.233,Real
56,Philomena,Corp,pcorp1j@networksolutions.com,Female,117.120.72.46,Yen
57,Rose,Mandell,rmandell1k@slate.com,Female,79.222.199.17,Ruble
58,Deeanne,Majury,dmajury1l@paginegialle.it,Female,91.155.43.110,Peso
59,Hoebart,Thundercliffe,hthundercliffe1m@hud.gov,Male,127.14.195.181,Rupiah
60,Nancey,Basey,nbasey1n@apple.com,Female,36.23.112.75,Ruble
61,Eleen,Cornu,ecornu1o@xrea.com,Female,164.149.223.137,Ruble
62,Ike,Cheverton,icheverton1p@yelp.com,Male,193.15.30.233,Rupiah
63,Lyn,Pigrome,lpigrome1q@nhs.uk,Male,131.125.196.122,Peso
64,Gwenora,Kleinert,gkleinert1r@wsj.com,Female,91.152.83.144,Som
65,Ky,Curphey,kcurphey1s@tinypic.com,Male,162.30.34.198,Rupiah
66,Fernanda,MacTerrelly,fmacterrelly1t@is.gd,Female,172.33.225.153,Dollar
67,Johnette,Chansonnau,jchansonnau1u@myspace.com,Female,58.162.224.140,Yuan Renminbi
68,Willard,Averies,waveries1v@google.de,Male,153.81.222.154,Yuan Renminbi
69,Rosmunda,Dilland,rdilland1w@over-blog.com,Female,157.163.12.227,Yuan Renminbi
70,Caritta,Rabbitt,crabbitt1x@netscape.com,Female,174.97.185.7,Rupiah
71,Gerti,Piaggia,gpiaggia1y@craigslist.org,Female,70.89.41.247,Ruble
72,Vernen,Trevithick,vtrevithick1z@illinois.edu,Male,59.59.165.21,Ruble
73,Stinky,Wyley,swyley20@constantcontact.com,Male,54.89.251.139,Baht
74,Selina,Edmeads,sedmeads21@tinypic.com,Female,194.165.178.128,Franc
75,Leonardo,Sustins,lsustins22@networkadvertising.org,Male,132.92.161.171,Dollar
76,Irving,Fishbourn,ifishbourn23@gizmodo.com,Male,141.113.21.173,Peso
77,Jessey,Draude,jdraude24@telegraph.co.uk,Male,46.243.117.237,Dollar
78,Dieter,Ewart,dewart25@sourceforge.net,Male,183.151.124.121,Quetzal
79,Alethea,Pariss,apariss26@dmoz.org,Female,136.56.215.48,Rupiah
80,Diann,Phibb,dphibb27@va.gov,Female,251.74.88.170,Ruble
81,Giffy,Purtell,gpurtell28@godaddy.com,Male,51.83.224.218,Peso
82,Carce,Bartalucci,cbartalucci29@cbsnews.com,Male,153.115.208.8,Peso
83,Bruce,Leach,bleach2a@yale.edu,Male,173.106.178.144,Ruble
84,Gris,Dreakin,gdreakin2b@theatlantic.com,Male,199.70.172.200,Rupee
85,Napoleon,Chant,nchant2c@wsj.com,Male,75.66.201.48,Dirham
86,Arvie,Herion,aherion2d@ibm.com,Male,27.231.3.120,Yuan Renminbi
87,Siana,Mattheeuw,smattheeuw2e@1und1.de,Female,236.246.0.61,Hryvnia
88,Faber,Costerd,fcosterd2f@ning.com,Male,83.168.169.205,Quetzal
89,Mike,Liebrecht,mliebrecht2g@twitpic.com,Male,38.26.2.89,Rupiah
90,Edgardo,Duiged,eduiged2h@globo.com,Male,158.83.190.198,Yuan Renminbi
91,Odie,Kubat,okubat2i@stanford.edu,Non-binary,174.186.15.2,Yuan Renminbi
92,Madge,Lambourn,mlambourn2j@odnoklassniki.ru,Female,176.120.117.20,Lempira
93,Ethelin,Bouchier,ebouchier2k@cdbaby.com,Female,255.234.134.226,Rupee
94,Winnah,Chaplain,wchaplain2l@unicef.org,Female,42.91.23.40,Yuan Renminbi
95,Lauritz,Potteridge,lpotteridge2m@rambler.ru,Male,250.226.201.33,Rial
96,Eal,Le Marchant,elemarchant2n@patch.com,Male,227.95.113.150,Euro
97,Pauli,Shitliffe,pshitliffe2o@so-net.ne.jp,Female,192.116.96.109,Rial
98,Alain,Oxtiby,aoxtiby2p@usa.gov,Male,237.62.118.69,Kip
99,Drucill,Balmer,dbalmer2q@wisc.edu,Female,133.237.86.13,Real
100,Andie,Gillcrist,agillcrist2r@globo.com,Female,75.54.183.198,Euro
101,Erroll,Luff,eluff2s@patch.com,Polygender,141.26.105.79,Euro
102,Temp,Baynes,tbaynes2t@addthis.com,Polygender,166.229.32.140,Euro
103,Dulsea,Rowell,drowell2u@google.cn,Female,85.70.145.128,Yuan Renminbi
104,Hynda,Burren,hburren2v@usda.gov,Female,183.33.72.142,Krona
105,Lynsey,Ferneyhough,lferneyhough2w@geocities.jp,Female,53.104.111.5,Ruble
106,Auroora,Wiltshear,awiltshear2x@eepurl.com,Female,70.63.209.66,Rupiah
107,Eileen,Rowcastle,erowcastle2y@ameblo.jp,Female,96.86.227.47,Ruble
108,Bentlee,Tackley,btackley2z@studiopress.com,Male,84.40.49.105,Real
109,Alphard,Measures,ameasures30@sphinn.com,Polygender,205.53.113.224,Denar
110,Alexandros,Bonham,abonham31@chronoengine.com,Male,96.177.210.33,Yuan Renminbi
111,Winnah,Digman,wdigman32@wikipedia.org,Female,180.13.245.9,Yuan Renminbi
112,Jobie,Kail,jkail33@usda.gov,Female,82.215.40.252,Rupiah
113,Jennifer,Liccardi,jliccardi34@cbslocal.com,Female,37.28.104.154,Yuan Renminbi
114,Georgianna,Puttergill,gputtergill35@wsj.com,Female,168.233.141.255,Dollar
115,Marillin,Curds,mcurds36@shop-pro.jp,Female,127.212.223.191,Koruna
116,Burtie,Tilberry,btilberry37@wufoo.com,Male,36.19.134.234,Yuan Renminbi
117,Reginald,Lalevee,rlalevee38@webs.com,Male,244.5.209.228,Peso
118,Park,Royan,proyan39@unicef.org,Male,34.246.171.110,Yuan Renminbi
119,Cobby,Curston,ccurston3a@parallels.com,Male,120.116.52.150,Peso
120,Aylmar,Fouldes,afouldes3b@yolasite.com,Male,83.158.97.13,Naira
121,Myer,Yurov,myurov3c@baidu.com,Male,37.97.140.217,Yuan Renminbi
122,Adoree,Bradd,abradd3d@hatena.ne.jp,Female,63.34.56.252,Ruble
123,Kimball,Bust,kbust3e@ed.gov,Male,39.12.208.217,Yuan Renminbi
124,Ailis,Spratling,aspratling3f@hibu.com,Female,192.253.191.234,Peso
125,Sergio,Theml,stheml3g@taobao.com,Male,33.231.18.242,Yuan Renminbi
126,Illa,Napier,inapier3h@auda.org.au,Female,174.66.63.62,Pound
127,Buiron,Erskine Sandys,berskinesandys3i@youku.com,Male,127.206.89.224,Dollar
128,Jae,Domenget,jdomenget3j@sciencedaily.com,Male,162.243.92.169,Yen
129,Camellia,Elliff,celliff3k@nyu.edu,Female,208.110.195.216,Yuan Renminbi
130,Saree,Mandel,smandel3l@ftc.gov,Female,33.1.194.33,Yuan Renminbi
131,Willem,Errichelli,werrichelli3m@archive.org,Male,40.218.31.189,Dong
132,Yanaton,Lesor,ylesor3n@bloomberg.com,Male,175.243.224.66,Krone
133,De,McCunn,dmccunn3o@vkontakte.ru,Female,11.114.124.160,Yuan Renminbi
134,Harlan,De Maine,hdemaine3p@fema.gov,Male,56.74.58.97,Won
135,Roxine,Rawson,rrawson3q@microsoft.com,Female,21.56.157.246,Rupiah
136,Malina,Vipan,mvipan3r@quantcast.com,Female,145.108.78.158,Koruna
137,Arlie,Rallings,arallings3s@jigsy.com,Female,55.41.19.157,Kuna
138,Wenda,Prodrick,wprodrick3t@microsoft.com,Female,204.95.212.185,Euro
139,Noll,Assard,nassard3u@soup.io,Male,224.228.165.197,Peso
140,Jervis,Norwich,jnorwich3v@rakuten.co.jp,Agender,150.202.246.204,Euro
141,Hugibert,Smithyman,hsmithyman3w@go.com,Male,16.80.97.11,Denar
142,Christie,Belz,cbelz3x@example.com,Non-binary,43.184.16.25,Peso
143,Nikolos,Bordone,nbordone3y@multiply.com,Male,248.222.201.114,Dollar
144,Anestassia,Badwick,abadwick3z@addtoany.com,Female,210.234.47.102,Yuan Renminbi
145,Cherish,Shimuk,cshimuk40@51.la,Female,190.101.234.70,Yuan Renminbi
146,Bianca,Archbold,barchbold41@nationalgeographic.com,Female,253.0.226.206,Rupiah
147,Towney,Koomar,tkoomar42@army.mil,Male,108.251.32.128,Peso
148,Bonny,Farncombe,bfarncombe43@google.cn,Female,131.154.101.134,Rial
149,Stevena,Antoniat,santoniat44@xrea.com,Female,148.132.195.101,Rupiah
150,Dale,Warbrick,dwarbrick45@geocities.com,Female,157.69.255.105,Yuan Renminbi
151,Jeramey,Carles,jcarles46@ft.com,Male,201.25.176.214,Peso
152,Hyman,Coplestone,hcoplestone47@reverbnation.com,Male,152.162.49.106,Euro
153,Burl,Raggatt,braggatt48@ezinearticles.com,Male,144.90.63.140,Yuan Renminbi
154,Olivier,Baccup,obaccup49@prlog.org,Polygender,58.151.174.88,Peso
155,Burtie,Jozefowicz,bjozefowicz4a@printfriendly.com,Bigender,107.132.144.128,Rupiah
156,Thomasa,Robbeke,trobbeke4b@unesco.org,Female,191.77.119.187,Rupiah
157,Sheba,Larmor,slarmor4c@behance.net,Female,245.253.65.110,Zloty
158,Roshelle,Alven,ralven4d@cnet.com,Female,195.111.20.186,Yuan Renminbi
159,Jackqueline,Harbord,jharbord4e@yahoo.com,Female,236.208.90.248,Yuan Renminbi
160,Glenda,Jotcham,gjotcham4f@dot.gov,Female,43.92.77.131,Yuan Renminbi
161,Conny,Gookey,cgookey4g@amazon.de,Male,59.56.136.8,Yuan Renminbi
162,Alphard,Matevushev,amatevushev4h@g.co,Male,31.134.102.252,Guarani
163,Rupert,Jeyness,rjeyness4i@forbes.com,Male,139.42.141.50,Euro
164,Forrest,Van De Cappelle,fvandecappelle4j@cbsnews.com,Male,150.169.153.180,Ruble
165,Jard,Spilisy,jspilisy4k@wired.com,Male,239.197.104.156,Ruble
166,Kane,Miners,kminers4l@list-manage.com,Male,93.39.241.2,Yuan Renminbi
167,Tibold,Pacquet,tpacquet4m@bigcartel.com,Male,87.86.99.191,Rupiah
168,Xaviera,Dicky,xdicky4n@oaic.gov.au,Female,55.212.117.148,Pound
169,Adolphus,Upston,aupston4o@reference.com,Male,241.232.131.139,Ruble
170,Joyous,Jeanet,jjeanet4p@narod.ru,Female,240.109.101.222,Yen
171,Isacco,Luscott,iluscott4q@altervista.org,Male,207.243.89.126,Rupiah
172,Towny,Babbage,tbabbage4r@mayoclinic.com,Non-binary,53.54.88.171,Peso
173,Andriette,Tother,atother4s@dedecms.com,Female,71.193.101.41,Denar
174,Shela,Laundon,slaundon4t@arizona.edu,Female,172.139.252.224,Real
175,Natka,Gearing,ngearing4u@illinois.edu,Female,161.75.155.32,Dollar
176,Rivalee,Uwins,ruwins4v@gizmodo.com,Female,49.44.234.47,Peso
177,Sonnie,Goulborne,sgoulborne4w@addthis.com,Male,201.177.150.188,Ruble
178,Howey,Jendrach,hjendrach4x@wix.com,Male,239.147.203.123,Rupiah
179,Nerissa,Hugonnet,nhugonnet4y@edublogs.org,Female,20.252.28.5,Peso
180,Mina,Lambarton,mlambarton4z@vinaora.com,Female,94.82.68.154,Rupee
181,Aidan,Giacomucci,agiacomucci50@infoseek.co.jp,Female,164.58.196.12,Euro
182,Izabel,McIlwreath,imcilwreath51@google.cn,Female,140.20.144.220,Dollar
183,Hannah,Bendin,hbendin52@dedecms.com,Female,141.120.87.129,Rupiah
184,Johann,Greedy,jgreedy53@tuttocitta.it,Male,251.36.252.10,Euro
185,Danica,Bagnal,dbagnal54@msn.com,Female,3.79.127.102,Zloty
186,Paolo,Bloggett,pbloggett55@gov.uk,Male,83.237.165.53,Zloty
187,Freddi,Richardsson,frichardsson56@wsj.com,Female,89.88.228.209,Rand
188,Aggy,Simonett,asimonett57@youtu.be,Female,125.224.220.205,Ruble
189,Kelvin,Sharpley,ksharpley58@accuweather.com,Male,200.202.152.91,Yuan Renminbi
190,Rab,Kleiner,rkleiner59@altervista.org,Male,69.119.47.6,Leone
191,Veda,Lautie,vlautie5a@bloomberg.com,Female,57.31.115.129,Yuan Renminbi
192,Koral,Pulman,kpulman5b@theguardian.com,Female,188.42.138.0,Euro
193,Field,Jenking,fjenking5c@guardian.co.uk,Male,170.174.17.33,Yuan Renminbi
194,Arlyn,Coatham,acoatham5d@seattletimes.com,Female,211.57.193.247,Yuan Renminbi
195,Oralee,Harvatt,oharvatt5e@yolasite.com,Female,85.47.134.83,Euro
196,Eimile,Cossins,ecossins5f@toplist.cz,Female,11.220.90.72,Sol
197,Arman,Agnew,aagnew5g@seattletimes.com,Male,79.9.232.4,Peso
198,Twila,Peery,tpeery5h@gmpg.org,Female,34.86.139.27,Euro
199,Babara,Giffaut,bgiffaut5i@amazon.com,Female,91.100.186.32,Dollar
200,Moina,Van't Hoff,mvanthoff5j@quantcast.com,Female,167.151.253.114,Euro
201,Maridel,Dubose,mdubose5k@usnews.com,Female,215.85.199.180,Yuan Renminbi
202,Isa,Pinard,ipinard5l@unesco.org,Female,191.217.138.147,Yuan Renminbi
203,Virgie,Cromett,vcromett5m@un.org,Agender,2.188.134.212,Ruble
204,Susanne,Culshaw,sculshaw5n@webeden.co.uk,Female,196.138.164.130,Euro
205,Briggs,Coveney,bcoveney5o@comsenz.com,Agender,170.215.97.40,Shilling
206,Ad,Oldfield-Cherry,aoldfieldcherry5p@seesaa.net,Male,36.201.0.11,Balboa
207,Blinnie,Nevison,bnevison5q@phpbb.com,Female,113.151.37.1,Euro
208,Jayme,Gentzsch,jgentzsch5r@bandcamp.com,Male,158.2.30.161,Escudo
209,Vanya,Muzzullo,vmuzzullo5s@discovery.com,Male,13.65.5.132,Peso
210,Casey,Wreford,cwreford5t@desdev.cn,Female,152.65.179.156,Rupiah
211,Friedrich,Duffin,fduffin5u@delicious.com,Male,165.63.201.40,Krona
212,Marshall,Obin,mobin5v@cisco.com,Male,244.46.200.102,Cedi
213,Dacia,Adne,dadne5w@huffingtonpost.com,Female,208.145.14.181,Dollar
214,Orsa,Blondin,oblondin5x@latimes.com,Female,145.222.201.63,Ruble
215,Trescha,Matsell,tmatsell5y@cdc.gov,Female,251.42.133.30,Krona
216,Tricia,Corcut,tcorcut5z@latimes.com,Female,170.139.224.37,Euro
217,Sherrie,Emanulsson,semanulsson60@technorati.com,Female,140.222.52.194,Peso
218,Phebe,Owenson,powenson61@nasa.gov,Female,240.128.213.128,Yuan Renminbi
219,Murial,Brosel,mbrosel62@berkeley.edu,Female,149.255.44.140,Sol
220,Aloise,Finlator,afinlator63@mozilla.com,Female,33.99.84.33,Ruble
221,Susi,Bisco,sbisco64@google.com.br,Bigender,28.176.120.135,Tala
222,Jenilee,Emptage,jemptage65@ustream.tv,Female,254.71.146.76,Rupiah
223,Brucie,Bentinck,bbentinck66@yelp.com,Male,100.6.91.245,Dollar
224,Ewart,Ropert,eropert67@cyberchimps.com,Male,106.133.186.74,Peso
225,Rebbecca,Dyett,rdyett68@stumbleupon.com,Genderfluid,135.128.14.240,Yuan Renminbi
226,Colline,Iacobini,ciacobini69@taobao.com,Female,154.44.244.7,Bolivar
227,Tedra,Giannoni,tgiannoni6a@seattletimes.com,Female,89.97.9.199,Yuan Renminbi
228,Ike,Skotcher,iskotcher6b@wordpress.com,Male,133.253.230.226,Franc
229,Sebastian,Sjollema,ssjollema6c@naver.com,Genderqueer,2.77.52.84,Yuan Renminbi
230,Ethe,Hare,ehare6d@goodreads.com,Male,30.64.17.53,Krona
231,Davide,Adamthwaite,dadamthwaite6e@freewebs.com,Male,188.190.94.51,Ruble
232,Denna,Huelin,dhuelin6f@mozilla.com,Female,214.107.122.192,Real
233,Jenica,Salmoni,jsalmoni6g@bizjournals.com,Female,229.95.197.217,Krona
234,Pieter,Romanelli,promanelli6h@blogger.com,Male,208.235.154.171,Peso
235,Herbie,Copestick,hcopestick6i@weibo.com,Male,47.222.134.94,Yuan Renminbi
236,Rouvin,Clemence,rclemence6j@ehow.com,Male,136.152.83.15,Peso
237,Lon,Cursey,lcursey6k@behance.net,Male,168.114.148.63,Rupiah
238,Fleur,Heersema,fheersema6l@istockphoto.com,Female,167.69.109.3,Peso
239,Hussein,Sketcher,hsketcher6m@uol.com.br,Male,44.80.221.34,Hryvnia
240,Charlean,McKelvie,cmckelvie6n@time.com,Female,66.117.52.77,Peso
241,Sybilla,Gertz,sgertz6o@oakley.com,Female,173.196.144.90,Peso
242,Eleonora,Geoghegan,egeoghegan6p@accuweather.com,Female,253.107.111.125,Won
243,Ross,Fardy,rfardy6q@cnet.com,Male,164.26.222.36,Yuan Renminbi
244,Matteo,Beak,mbeak6r@over-blog.com,Bigender,31.115.226.19,Franc
245,Miltie,Hartness,mhartness6s@is.gd,Non-binary,224.10.231.34,Real
246,Sterling,Meeking,smeeking6t@trellian.com,Male,29.101.132.111,Yuan Renminbi
247,Lon,Le Grice,llegrice6u@vimeo.com,Male,115.230.66.26,Rial
248,Glenn,Messingham,gmessingham6v@biglobe.ne.jp,Genderqueer,101.173.120.91,Euro
249,Zared,Praundl,zpraundl6w@senate.gov,Male,174.61.180.26,Rupiah
250,Kirsteni,Ivanchikov,kivanchikov6x@shop-pro.jp,Female,51.213.206.50,Dong
251,Graham,Duham,gduham6y@lulu.com,Male,107.248.160.233,Yuan Renminbi
252,Harcourt,Gavahan,hgavahan6z@comcast.net,Male,254.163.232.74,Shekel
253,Anstice,Sennett,asennett70@rambler.ru,Female,126.120.183.159,Euro
254,Catharine,Baumer,cbaumer71@hostgator.com,Non-binary,102.241.18.249,Koruna
255,Eleen,Monelli,emonelli72@stumbleupon.com,Female,118.176.99.56,Rupiah
256,Nickie,Emery,nemery73@i2i.jp,Male,227.206.152.113,Peso
257,Natalie,Eadmeads,neadmeads74@exblog.jp,Genderqueer,168.30.163.138,Koruna
258,Khalil,Benois,kbenois75@washingtonpost.com,Male,29.222.5.6,Rupiah
259,Algernon,Sturgis,asturgis76@usatoday.com,Male,155.3.63.11,Yuan Renminbi
260,Anna,Braley,abraley77@bravesites.com,Female,118.11.232.145,Manat
261,Jannel,O'Hearn,johearn78@paypal.com,Female,11.243.151.232,Hryvnia
262,Ezechiel,Mashro,emashro79@nba.com,Male,38.4.49.218,Peso
263,Bruno,Marcinkowski,bmarcinkowski7a@ning.com,Male,66.104.99.104,Krona
264,Blair,Sydenham,bsydenham7b@cbc.ca,Non-binary,146.241.14.121,Euro
265,Pablo,Snoding,psnoding7c@dailymotion.com,Male,110.42.95.191,Baht
266,Constancy,Chinnery,cchinnery7d@tamu.edu,Female,250.179.86.138,Yen
267,Ignace,Sybbe,isybbe7e@webeden.co.uk,Male,195.50.158.101,Rupiah
268,Quintilla,Dowzell,qdowzell7f@noaa.gov,Female,50.50.33.126,Rial
269,Kimberlee,Anders,kanders7g@is.gd,Female,161.76.164.198,Yuan Renminbi
270,Thelma,Dunseath,tdunseath7h@google.es,Female,217.22.35.143,Rupiah
271,Moina,Gerhold,mgerhold7i@slate.com,Female,93.129.192.53,Euro
272,Yolande,Beefon,ybeefon7j@unicef.org,Female,115.43.56.208,Yuan Renminbi
273,Emmie,Gatchell,egatchell7k@myspace.com,Female,133.73.41.221,Rupiah
274,Florette,Hyndes,fhyndes7l@booking.com,Female,152.187.211.42,Rial
275,Sheilakathryn,Fey,sfey7m@rediff.com,Female,222.149.148.208,Peso
276,Baillie,Tutchings,btutchings7n@bandcamp.com,Male,160.191.108.112,Dollar
277,Joletta,Lofts,jlofts7o@hatena.ne.jp,Female,95.138.141.211,Rupiah
278,Leopold,Wilflinger,lwilflinger7p@zimbio.com,Male,187.44.132.86,Pound
279,Katrine,Dominguez,kdominguez7q@myspace.com,Female,109.79.142.123,Euro
280,Wayne,Ashenhurst,washenhurst7r@msu.edu,Male,132.141.253.77,Ruble
281,Tiffani,Matthewes,tmatthewes7s@uol.com.br,Female,236.74.3.108,Pound
282,Siffre,Severs,ssevers7t@sina.com.cn,Male,240.134.151.237,Yuan Renminbi
283,Wiley,Thorald,wthorald7u@eepurl.com,Male,84.74.86.108,Lek
284,Hagan,Dyerson,hdyerson7v@shutterfly.com,Male,201.92.242.125,Ringgit
285,Willi,Iacabucci,wiacabucci7w@parallels.com,Male,77.244.139.105,Zloty
286,Desmond,Ferandez,dferandez7x@example.com,Male,76.4.1.1,Yuan Renminbi
287,Grethel,Petrolli,gpetrolli7y@adobe.com,Female,150.64.231.18,Rupiah
288,Gran,Phillps,gphillps7z@who.int,Male,125.137.232.185,Euro
289,Gael,Dillingstone,gdillingstone80@house.gov,Female,155.119.252.137,Peso
290,Hilarius,Signe,hsigne81@mlb.com,Male,127.230.249.204,Hryvnia
291,Bordy,Marusik,bmarusik82@over-blog.com,Male,67.169.104.80,Euro
292,Kalle,Crilly,kcrilly83@prweb.com,Male,175.88.149.202,Dong
293,Regen,Powton,rpowton84@washington.edu,Agender,149.53.121.68,Euro
294,Bartel,Corrigan,bcorrigan85@chron.com,Male,123.160.248.175,Yuan Renminbi
295,Blancha,Toghill,btoghill86@skype.com,Female,33.150.114.146,Dollar
296,Dieter,Grgic,dgrgic87@is.gd,Male,183.71.57.44,Yuan Renminbi
297,Dyna,Quaife,dquaife88@whitehouse.gov,Female,172.43.143.28,Lempira
298,Philomena,Newns,pnewns89@multiply.com,Female,252.140.2.33,Cordoba
299,Reynolds,Winslade,rwinslade8a@feedburner.com,Male,85.41.161.244,Zloty
300,Gayla,Arnoud,garnoud8b@dion.ne.jp,Female,87.246.22.81,Lempira
301,Farrel,Gammage,fgammage8c@ocn.ne.jp,Male,157.210.191.190,Baht
302,Iolanthe,Badcock,ibadcock8d@indiatimes.com,Female,43.207.89.121,Rupiah
303,Ludovico,Tickle,ltickle8e@marketwatch.com,Male,186.10.118.120,Peso
304,Leonidas,Rudeforth,lrudeforth8f@tiny.cc,Male,18.191.165.148,Sol
305,Kyle,Gouda,kgouda8g@sohu.com,Bigender,7.77.61.168,Ruble
306,Sinclair,Legge,slegge8h@earthlink.net,Male,69.246.217.81,Euro
307,Roseanna,Payler,rpayler8i@cbsnews.com,Female,214.79.50.186,Yuan Renminbi
308,Brant,Andrus,bandrus8j@illinois.edu,Male,24.132.211.182,Peso
309,Nessa,Gianni,ngianni8k@ezinearticles.com,Female,32.250.144.18,Peso
310,Joey,Arkil,jarkil8l@europa.eu,Male,80.170.119.113,Yuan Renminbi
311,Scarlett,Virgoe,svirgoe8m@infoseek.co.jp,Female,56.214.217.16,Yen
312,Wallis,Scard,wscard8n@xrea.com,Female,112.195.14.145,Euro
313,Garner,Trenam,gtrenam8o@go.com,Polygender,197.28.102.153,Rupiah
314,Ram,Francescuccio,rfrancescuccio8p@yahoo.co.jp,Male,104.145.209.144,Peso
315,Jaclyn,Loadsman,jloadsman8q@hubpages.com,Female,72.176.58.201,Denar
316,Carilyn,Mackerness,cmackerness8r@blog.com,Female,255.155.23.81,Yuan Renminbi
317,Lynett,Rudall,lrudall8s@huffingtonpost.com,Female,142.43.248.13,Euro
318,Nathaniel,Atterley,natterley8t@biglobe.ne.jp,Male,96.140.245.168,Peso
319,Marcelline,Babin,mbabin8u@usnews.com,Female,69.26.164.86,Yuan Renminbi
320,Claudina,Keedy,ckeedy8v@forbes.com,Female,243.178.202.79,Peso
321,Bree,Bohlsen,bbohlsen8w@prweb.com,Female,24.151.142.42,Dollar
322,Sutton,Boxell,sboxell8x@xinhuanet.com,Male,65.114.103.17,Euro
323,Miner,Martinho,mmartinho8y@xrea.com,Bigender,248.201.57.51,Rupiah
324,Roslyn,Leitch,rleitch8z@ocn.ne.jp,Female,75.203.70.31,Yuan Renminbi
325,Fania,Killiner,fkilliner90@chicagotribune.com,Female,135.205.229.14,Zloty
326,Caty,Pontain,cpontain91@simplemachines.org,Female,26.154.155.182,Yuan Renminbi
327,Melosa,Penna,mpenna92@sina.com.cn,Female,32.128.32.141,Rupiah
328,Angelika,Dangerfield,adangerfield93@youtu.be,Agender,46.104.12.110,Koruna
329,Udell,Milvarnie,umilvarnie94@columbia.edu,Male,16.191.233.248,Zloty
330,Jamill,Godwin,jgodwin95@usnews.com,Polygender,249.241.59.124,Zloty
331,Willa,Paish,wpaish96@slideshare.net,Female,112.104.171.183,Pound
332,Bendick,Denisyuk,bdenisyuk97@wp.com,Male,230.156.243.233,Rupiah
333,Jervis,Geer,jgeer98@ox.ac.uk,Male,22.7.146.115,Yen
334,Daveen,Gage,dgage99@umich.edu,Genderqueer,37.4.112.214,Denar
335,Magnum,Brislane,mbrislane9a@guardian.co.uk,Male,105.169.87.50,Euro
336,Tonie,Jiras,tjiras9b@xrea.com,Female,238.207.118.142,Krona
337,Luigi,McKendo,lmckendo9c@discovery.com,Male,150.171.234.102,Euro
338,Lorant,Moggle,lmoggle9d@twitter.com,Male,33.5.160.116,Dinar
339,Dolf,Sheaf,dsheaf9e@washingtonpost.com,Genderfluid,115.89.236.67,Baht
340,Nickolai,Hillitt,nhillitt9f@php.net,Male,99.127.179.235,Dollar
341,Jackson,Gwilliams,jgwilliams9g@paginegialle.it,Male,68.235.55.35,Dollar
342,Maximilianus,Drayson,mdrayson9h@ebay.co.uk,Male,85.82.156.149,Rupiah
343,Jermain,Purrier,jpurrier9i@live.com,Male,224.59.191.141,Rupiah
344,Alard,Popple,apopple9j@homestead.com,Male,65.232.66.248,Euro
345,Artur,Tretwell,atretwell9k@state.tx.us,Male,90.106.65.31,Real
346,Bjorn,Pucker,bpucker9l@oaic.gov.au,Male,245.32.47.218,Ruble
347,Demetre,Hummerston,dhummerston9m@techcrunch.com,Male,140.137.50.102,Ruble
348,Sean,Rames,srames9n@amazon.co.jp,Male,243.172.72.183,Tugrik
349,Upton,Poupard,upoupard9o@hao123.com,Male,186.226.87.56,Hryvnia
350,Maurizio,Tofful,mtofful9p@devhub.com,Male,21.100.150.209,Sol
351,Verena,Wythill,vwythill9q@123-reg.co.uk,Female,53.44.24.176,Yuan Renminbi
352,Anjela,Di Iorio,adiiorio9r@mapy.cz,Female,159.153.198.42,Peso
353,Sandro,Terbeck,sterbeck9s@hexun.com,Non-binary,244.255.107.226,Real
354,Gregg,Reymers,greymers9t@over-blog.com,Male,141.202.77.76,Yuan Renminbi
355,Judas,Gormally,jgormally9u@posterous.com,Male,102.18.151.46,Yuan Renminbi
356,Marybeth,Learie,mlearie9v@weather.com,Female,68.255.118.30,Euro
357,Jerald,Simo,jsimo9w@bbb.org,Male,103.39.186.159,Shekel
358,Roselia,O' Meara,romeara9x@nationalgeographic.com,Female,162.190.236.122,Baht
359,Mikaela,Hamson,mhamson9y@eepurl.com,Female,247.175.69.63,Ruble
360,Saunderson,Lillistone,slillistone9z@ow.ly,Male,73.184.117.239,Euro
361,Rickert,Georgiev,rgeorgieva0@mediafire.com,Male,72.145.161.25,Yuan Renminbi
362,Selle,Sail,ssaila1@mlb.com,Genderqueer,2.47.210.247,Rupiah
363,Shelli,Last,slasta2@canalblog.com,Female,105.39.89.168,Hryvnia
364,Romeo,Speaks,rspeaksa3@studiopress.com,Male,49.165.0.6,Yuan Renminbi
365,Beau,Murkin,bmurkina4@shinystat.com,Male,130.189.131.228,Tugrik
366,Mendy,Pretorius,mpretoriusa5@irs.gov,Male,251.162.179.196,Krone
367,Laure,Cossor,lcossora6@jimdo.com,Genderfluid,222.105.123.28,Pound
368,Salmon,Argrave,sargravea7@moonfruit.com,Male,54.70.133.77,Peso
369,Derril,Sare,dsarea8@sogou.com,Male,237.165.59.227,Won
370,Madelin,Willcox,mwillcoxa9@discovery.com,Female,239.115.236.209,Ringgit
371,Bonnibelle,De Bruijne,bdebruijneaa@wix.com,Female,64.27.54.187,Yuan Renminbi
372,Carroll,Deuss,cdeussab@canalblog.com,Female,116.65.66.176,Yuan Renminbi
373,Reade,Staples,rstaplesac@illinois.edu,Male,220.29.40.43,Zloty
374,Bea,Prestie,bprestiead@stumbleupon.com,Female,62.145.93.216,Peso
375,Aube,Iwanowski,aiwanowskiae@surveymonkey.com,Male,189.91.5.91,Sol
376,Vivi,Amsberger,vamsbergeraf@51.la,Female,179.203.111.189,Euro
377,Nan,Leacock,nleacockag@woothemes.com,Non-binary,39.146.190.132,Yuan Renminbi
378,Dexter,Skippen,dskippenah@mail.ru,Male,63.224.10.217,Dollar
379,Inigo,Quinnell,iquinnellai@weibo.com,Male,53.205.89.58,Rupiah
380,Christiano,Beechcraft,cbeechcraftaj@si.edu,Male,193.192.158.147,Yuan Renminbi
381,Delbert,Bourchier,dbourchierak@hugedomains.com,Male,253.29.186.177,Yuan Renminbi
382,Eudora,Shirer,eshireral@vimeo.com,Female,105.156.183.59,Peso
383,Jessie,Goodband,jgoodbandam@uol.com.br,Female,176.210.84.220,Hryvnia
384,Hephzibah,Bradbury,hbradburyan@last.fm,Non-binary,237.174.214.156,Krona
385,Lyn,Jeffcock,ljeffcockao@examiner.com,Male,62.207.164.181,Dollar
386,Ryley,Meak,rmeakap@zimbio.com,Male,110.83.237.23,Real
387,Myron,Chatres,mchatresaq@tmall.com,Male,60.156.18.214,Dollar
388,Willi,Clawley,wclawleyar@ted.com,Female,112.245.213.213,Yuan Renminbi
389,Ricki,Daville,rdavilleas@sciencedaily.com,Female,132.113.95.94,Peso
390,Karil,Gonnard,kgonnardat@yellowpages.com,Female,229.108.210.129,Dirham
391,Clarisse,MacNamee,cmacnameeau@rakuten.co.jp,Genderfluid,97.6.69.40,Dram
392,Devi,Asple,daspleav@phoca.cz,Bigender,118.124.8.85,Rupiah
393,Karlens,Learmouth,klearmouthaw@admin.ch,Male,232.103.107.45,Yuan Renminbi
394,Lilia,Hadfield,lhadfieldax@issuu.com,Female,133.12.223.229,Rupiah
395,Guilbert,Arnaudin,garnaudinay@wikispaces.com,Male,98.156.231.217,Real
396,Wes,Cutchey,wcutcheyaz@unc.edu,Male,174.161.247.18,Rupiah
397,Sybila,Walpole,swalpoleb0@paypal.com,Female,55.166.124.11,Zloty
398,Kaine,McDermott-Row,kmcdermottrowb1@bravesites.com,Male,252.217.247.55,Dong
399,Carmelita,Linzey,clinzeyb2@nsw.gov.au,Female,43.249.207.149,Franc
400,Kirstyn,Mc Giffin,kmcgiffinb3@sbwire.com,Female,26.100.107.169,Peso
401,Andrei,Fullman,afullmanb4@moonfruit.com,Female,217.90.26.97,Lempira
402,Sigmund,Gomar,sgomarb5@google.pl,Male,113.112.17.103,Rupiah
403,Si,Ginnane,sginnaneb6@i2i.jp,Male,114.244.216.33,Tenge
404,Gennifer,Torricella,gtorricellab7@va.gov,Female,81.157.211.136,Yuan Renminbi
405,Rickey,Treven,rtrevenb8@slate.com,Male,203.153.58.88,Manat
406,Udell,Giovannacc@i,ugiovannaccib9@marketwatch.com,Male,73.30.120.79,Ouguiya
407,Hillard,Fitzmaurice,hfitzmauriceba@jiathis.com,Male,203.162.88.160,Zloty
408,Joletta,Betz,jbetzbb@sogou.com,Female,14.161.218.24,Yuan Renminbi
409,Stephanie,Dieton,sdietonbc@mediafire.com,Female,215.175.147.156,Yuan Renminbi
410,Herbie,Bloy,hbloybd@wunderground.com,Male,232.217.5.211,Rupiah
411,Robinet,Humbie,rhumbiebe@shop-pro.jp,Male,113.19.8.233,Lek
412,Marne,Reddick,mreddickbf@nymag.com,Polygender,226.255.57.202,Euro
413,Freddie,Skala,fskalabg@stumbleupon.com,Female,203.153.38.184,Yuan Renminbi
414,Carilyn,Siverns,csivernsbh@privacy.gov.au,Genderqueer,162.122.228.122,Euro
415,Westleigh,Beloe,wbeloebi@apple.com,Male,244.47.247.246,Euro
416,Alexander,Crossan,acrossanbj@zimbio.com,Male,165.108.173.78,Yuan Renminbi
417,Wilt,Curtayne,wcurtaynebk@reuters.com,Male,215.92.180.181,Hryvnia
418,Rutger,Bonsale,rbonsalebl@networksolutions.com,Male,62.10.36.97,Rupiah
419,Mikol,Heditch,mheditchbm@privacy.gov.au,Male,26.218.128.72,Euro
420,Inez,Summerfield,isummerfieldbn@goo.ne.jp,Female,246.12.53.198,Koruna
421,Baxy,Gawthrop,bgawthropbo@pbs.org,Male,110.199.202.57,Rupiah
422,Odey,Fley,ofleybp@github.com,Male,72.213.164.185,Real
423,Ruddie,Jepensen,rjepensenbq@shop-pro.jp,Male,158.146.231.236,Ruble
424,Leila,Lyokhin,llyokhinbr@hao123.com,Female,24.57.92.217,Boliviano
425,Shelden,Brayshay,sbrayshaybs@prweb.com,Male,143.230.210.34,Zloty
426,Jada,Breche,jbrechebt@reuters.com,Female,190.180.245.220,Euro
427,Rahel,Budleigh,rbudleighbu@yolasite.com,Female,69.50.61.128,Yuan Renminbi
428,Berky,Shafier,bshafierbv@virginia.edu,Male,111.186.54.31,Peso
429,Corliss,Moreside,cmoresidebw@noaa.gov,Female,239.199.82.166,Ringgit
430,Darby,Goodricke,dgoodrickebx@google.nl,Female,0.212.140.22,Zloty
431,Janel,Clamp,jclampby@google.pl,Female,232.154.219.230,Yuan Renminbi
432,Erek,Androlli,eandrollibz@usatoday.com,Male,100.13.4.125,Yuan Renminbi
433,Padget,Hamnett,phamnettc0@sina.com.cn,Male,9.112.208.115,Yen
434,Siward,Dorrian,sdorrianc1@archive.org,Male,104.110.26.253,Yuan Renminbi
435,Persis,Petyt,ppetytc2@blogtalkradio.com,Female,73.170.233.233,Shekel
436,Byron,Trusse,btrussec3@si.edu,Male,156.12.237.176,Yuan Renminbi
437,Fabio,Baribal,fbaribalc4@hao123.com,Male,206.17.185.193,Naira
438,Vanessa,Pritchitt,vpritchittc5@hp.com,Female,184.43.205.183,Lempira
439,Brendon,Muschette,bmuschettec6@ox.ac.uk,Male,178.83.203.230,Dollar
440,Elwood,Lammert,elammertc7@wix.com,Male,240.166.121.168,Real
441,Sigrid,Rowntree,srowntreec8@bizjournals.com,Female,62.172.205.6,Yuan Renminbi
442,Abram,Gerleit,agerleitc9@va.gov,Agender,231.36.127.111,Euro
443,Judon,Dieton,jdietonca@csmonitor.com,Male,78.79.205.227,Rupiah
444,Balduin,Haggis,bhaggiscb@sakura.ne.jp,Male,136.41.112.212,Dollar
445,Rea,MacArthur,rmacarthurcc@fastcompany.com,Female,78.67.38.54,Peso
446,Blayne,Gee,bgeecd@fema.gov,Male,56.200.112.218,Rupiah
447,Stern,Rogers,srogersce@sbwire.com,Male,206.167.176.235,Shilling
448,D'arcy,Sealey,dsealeycf@berkeley.edu,Male,142.184.85.24,Lempira
449,Darb,Morrissey,dmorrisseycg@webmd.com,Male,133.67.19.87,Rupiah
450,Ira,McClintock,imcclintockch@unblog.fr,Male,252.21.117.188,Afghani
451,Dickie,Doree,ddoreeci@boston.com,Male,253.197.40.250,Dollar
452,Karisa,Hoyland,khoylandcj@feedburner.com,Female,210.130.127.130,Koruna
453,Xenos,Lapidus,xlapidusck@forbes.com,Male,239.213.82.80,Peso
454,Kippie,Piatek,kpiatekcl@wiley.com,Male,33.73.40.106,Rupiah
455,Courtney,Starbuck,cstarbuckcm@yandex.ru,Male,140.248.21.52,Euro
456,Adrianna,Clulow,aclulowcn@trellian.com,Female,58.81.237.205,Rial
457,Dorena,Martinie,dmartinieco@theglobeandmail.com,Female,82.120.27.50,Yuan Renminbi
458,Kerwin,Fish,kfishcp@geocities.jp,Male,198.153.92.107,Peso
459,Bentley,Loseby,blosebycq@answers.com,Male,230.25.157.131,Euro
460,Branden,Almak,balmakcr@feedburner.com,Male,59.232.23.149,Yuan Renminbi
461,Orella,Phillipps,ophillippscs@domainmarket.com,Female,154.194.218.141,Quetzal
462,Bethina,Rydzynski,brydzynskict@domainmarket.com,Female,135.5.214.91,Real
463,Charlotte,Sadlier,csadliercu@about.com,Female,12.240.191.62,Dollar
464,Court,Falshaw,cfalshawcv@delicious.com,Male,196.79.76.254,Peso
465,Tobye,Fermer,tfermercw@washingtonpost.com,Female,92.0.158.159,Dollar
466,Goldy,Deeming,gdeemingcx@privacy.gov.au,Female,153.64.135.98,Yuan Renminbi
467,Fabe,Wasiela,fwasielacy@technorati.com,Male,5.176.117.188,Rupiah
468,Ralf,Ogan,rogancz@barnesandnoble.com,Male,87.20.151.182,Franc
469,Reena,Renny,rrennyd0@goo.gl,Female,235.137.240.167,Euro
470,Brooke,Moorrud,bmoorrudd1@opera.com,Female,200.138.187.190,Zloty
471,Walker,Maslin,wmaslind2@reddit.com,Male,95.240.100.55,Euro
472,Pam,Bartczak,pbartczakd3@hud.gov,Female,241.71.244.125,Yuan Renminbi
473,Dasi,Blackham,dblackhamd4@google.nl,Female,125.84.201.163,Euro
474,Tally,Ferrar,tferrard5@acquirethisname.com,Male,50.114.97.87,Peso
475,Doloritas,Goulder,dgoulderd6@artisteer.com,Female,147.103.134.127,Lev
476,Gillie,Boorn,gboornd7@purevolume.com,Genderqueer,45.192.231.197,Lempira
477,Bradford,Vedntyev,bvedntyevd8@nature.com,Male,151.107.172.52,Rupiah
478,Kalindi,Germaine,kgermained9@foxnews.com,Female,134.48.103.188,Won
479,Michelle,Jeckells,mjeckellsda@yelp.com,Female,129.92.45.105,Kip
480,Caryl,Musico,cmusicodb@sina.com.cn,Genderqueer,93.19.133.203,Ruble
481,Marten,Tarrant,mtarrantdc@domainmarket.com,Male,36.177.190.164,Real
482,Colleen,Otley,cotleydd@hatena.ne.jp,Female,92.90.184.63,Rand
483,Richie,Wrightson,rwrightsonde@purevolume.com,Male,210.51.152.8,Balboa
484,Bunnie,Waight,bwaightdf@slate.com,Female,145.102.71.122,Dollar
485,Jacinda,Piolli,jpiollidg@msu.edu,Female,113.235.251.216,Yen
486,Anastasie,Branchflower,abranchflowerdh@ameblo.jp,Female,154.38.212.101,Dollar
487,Lincoln,Gaye,lgayedi@etsy.com,Male,90.108.215.149,Shekel
488,Jackie,Carous,jcarousdj@shinystat.com,Female,24.181.132.255,Ruble
489,Field,Ratke,fratkedk@auda.org.au,Male,102.68.75.66,Ruble
490,Alaine,Middleditch,amiddleditchdl@globo.com,Female,166.66.43.135,Real
491,Batholomew,Ilbert,bilbertdm@who.int,Male,96.138.170.193,Manat
492,Jean,Jager,jjagerdn@ucoz.com,Non-binary,22.58.177.166,Yuan Renminbi
493,Bernardine,Caulton,bcaultondo@japanpost.jp,Female,32.29.128.229,Ruble
494,Cointon,Cheltnam,ccheltnamdp@mail.ru,Male,174.242.179.216,Yuan Renminbi
495,Gaynor,Urvoy,gurvoydq@about.me,Female,174.47.61.189,Kuna
496,Thatcher,McGettrick,tmcgettrickdr@dion.ne.jp,Polygender,196.70.100.71,Yuan Renminbi
497,Laurie,Dielhenn,ldielhennds@flickr.com,Male,155.198.140.103,Peso
498,Hillary,Jantel,hjanteldt@unesco.org,Male,146.136.209.233,Sol
499,Danny,Carnduff,dcarnduffdu@craigslist.org,Non-binary,8.91.5.75,Peso
500,Caitrin,McLese,cmclesedv@abc.net.au,Female,35.115.224.79,Zloty
501,Clyve,Kadwallider,ckadwalliderdw@mozilla.com,Male,190.164.6.69,Yuan Renminbi
502,Riccardo,Moreinis,rmoreinisdx@godaddy.com,Male,22.22.160.246,Peso
503,Kennett,Flewin,kflewindy@pen.io,Male,111.244.18.214,Real
504,Hale,Crampsey,hcrampseydz@sphinn.com,Male,128.102.107.244,Rupiah
505,Nickey,Jentin,njentine0@i2i.jp,Male,89.144.4.221,Peso
506,Carlo,Mordecai,cmordecaie1@engadget.com,Male,79.2.253.216,Yuan Renminbi
507,Aeriela,Faltin,afaltine2@1und1.de,Female,157.209.208.119,Real
508,Ax,Alvar,aalvare3@weebly.com,Male,147.33.213.32,Rupiah
509,Alida,Manvelle,amanvellee4@virginia.edu,Female,32.231.137.88,Euro
510,Pippo,Corcoran,pcorcorane5@yandex.ru,Male,172.22.57.121,Euro
511,Orella,Perham,operhame6@cloudflare.com,Female,206.181.185.112,Euro
512,Rafe,Muff,rmuffe7@twitter.com,Male,90.135.198.171,Sol
513,Shell,Pirson,spirsone8@cam.ac.uk,Male,204.220.211.26,Yuan Renminbi
514,Demetria,Wilflinger,dwilflingere9@networksolutions.com,Female,210.47.109.205,Ruble
515,Winfred,Dohmer,wdohmerea@guardian.co.uk,Male,20.64.145.254,Ruble
516,Laughton,Thomassen,lthomasseneb@spiegel.de,Male,138.21.39.85,Yuan Renminbi
517,Babb,Pawlett,bpawlettec@xing.com,Female,130.113.111.139,Kuna
518,Cornelius,McKendo,cmckendoed@ycombinator.com,Male,218.82.148.109,Zloty
519,Luelle,Nial,lnialee@mayoclinic.com,Female,204.118.10.123,Euro
520,Trevor,Mullins,tmullinsef@bloomberg.com,Male,209.8.255.181,Euro
521,Fabien,Adamowicz,fadamowiczeg@patch.com,Male,50.23.90.146,Yuan Renminbi
522,Haleigh,Frowen,hfroweneh@google.fr,Male,141.5.247.112,Koruna
523,Jacky,Linham,jlinhamei@fema.gov,Non-binary,11.59.10.5,Euro
524,Pip,Woonton,pwoontonej@cdc.gov,Male,193.253.48.244,Peso
525,Misty,Genney,mgenneyek@microsoft.com,Female,236.118.224.122,Pound
526,Simmonds,Guinnane,sguinnaneel@foxnews.com,Male,216.182.62.230,Rial
527,Paolo,Schneider,pschneiderem@nps.gov,Male,131.126.32.219,Zloty
528,Wilma,Powder,wpowderen@mit.edu,Non-binary,125.22.111.169,Baht
529,Cleopatra,Tomasian,ctomasianeo@furl.net,Female,161.17.163.189,Yuan Renminbi
530,Kerry,Guinan,kguinanep@economist.com,Agender,73.218.122.30,Birr
531,Cassi,Proback,cprobackeq@wix.com,Genderqueer,21.33.52.209,Yuan Renminbi
532,Piotr,Hemms,phemmser@goodreads.com,Male,83.58.21.89,Peso
533,Franklyn,Lidierth,flidierthes@nhs.uk,Genderfluid,229.216.59.189,Krona
534,Vinnie,Lambertson,vlambertsonet@comcast.net,Female,24.162.73.137,Euro
535,Kevan,Tarborn,ktarborneu@sbwire.com,Male,230.11.195.121,Baht
536,Brnaba,Synnot,bsynnotev@accuweather.com,Male,78.254.54.5,Yuan Renminbi
537,Eli,Sheepy,esheepyew@prnewswire.com,Male,200.97.197.147,Kuna
538,Jim,Bines,jbinesex@multiply.com,Male,139.87.121.229,Rupee
539,Harriet,Francescuccio,hfrancescuccioey@china.com.cn,Female,231.43.82.73,Rupiah
540,Janka,Anstice,jansticeez@yolasite.com,Female,56.44.186.235,Real
541,Lynn,Kestin,lkestinf0@joomla.org,Female,29.91.195.10,Rupiah
542,Harmonie,Emeney,hemeneyf1@vistaprint.com,Female,180.24.227.187,Euro
543,Tammi,Stockney,tstockneyf2@reference.com,Bigender,239.8.74.243,Naira
544,Chandal,Rawlings,crawlingsf3@state.gov,Female,91.51.34.37,Hryvnia
545,Elysee,Jacox,ejacoxf4@cnn.com,Female,76.101.111.220,Euro
546,Ruggiero,Hember,rhemberf5@home.pl,Male,224.45.60.138,Zloty
547,Meade,Skewis,mskewisf6@yahoo.com,Male,227.78.197.189,Sol
548,Cherilynn,Pinnell,cpinnellf7@reference.com,Female,205.213.68.182,Dollar
549,Steven,Barrie,sbarrief8@deliciousdays.com,Male,216.239.69.118,Ringgit
550,Stinky,Bodman,sbodmanf9@mozilla.com,Male,160.178.32.52,Koruna
551,Thibaut,Galey,tgaleyfa@techcrunch.com,Male,128.114.67.141,Yuan Renminbi
552,Maribeth,Dale,mdalefb@e-recht24.de,Female,81.175.199.139,Dollar
553,Leah,Marsland,lmarslandfc@dailymotion.com,Female,58.198.13.115,Yuan Renminbi
554,Jory,Rainsden,jrainsdenfd@behance.net,Male,211.124.15.55,Euro
555,Ardyth,Gawke,agawkefe@a8.net,Female,225.64.144.119,Euro
556,Clemens,Loadman,cloadmanff@lulu.com,Male,86.94.90.122,Peso
557,Francisco,Bonhan,fbonhanfg@unesco.org,Male,198.12.133.152,Yuan Renminbi
558,Vergil,McNutt,vmcnuttfh@friendfeed.com,Male,204.135.223.44,Ruble
559,Izzy,Safont,isafontfi@wisc.edu,Male,99.228.180.159,Yuan Renminbi
560,Freddy,Barnson,fbarnsonfj@hostgator.com,Male,215.105.61.172,Real
561,Margot,Russam,mrussamfk@etsy.com,Female,209.158.172.64,Krona
562,Reade,Eldrid,reldridfl@sciencedirect.com,Male,12.130.189.219,Yuan Renminbi
563,Franky,Dumphry,fdumphryfm@latimes.com,Male,66.162.201.227,Franc
564,Lianna,Sinkin,lsinkinfn@google.nl,Female,144.102.31.158,Naira
565,Vladamir,Jaram,vjaramfo@bloomberg.com,Male,198.137.207.102,Krona
566,Penelope,Hazlewood,phazlewoodfp@cloudflare.com,Female,247.112.142.191,Dinar
567,Rafaellle,Lanfere,rlanferefq@smh.com.au,Male,227.209.15.10,Ruble
568,Misty,Geater,mgeaterfr@stanford.edu,Female,141.111.129.110,Real
569,Delphine,Romney,dromneyfs@nymag.com,Female,65.73.70.77,Ruble
570,Orran,Bestar,obestarft@nymag.com,Male,149.108.182.166,Baht
571,Bert,Meedendorpe,bmeedendorpefu@wikia.com,Female,75.145.36.167,Yuan Renminbi
572,Clementius,Genge,cgengefv@nba.com,Polygender,203.210.109.34,Colon
573,Ericka,Levet,elevetfw@amazon.de,Female,193.18.137.202,Euro
574,Jarred,Novkovic,jnovkovicfx@homestead.com,Male,252.253.34.237,Rupiah
575,Arleyne,Bourgaize,abourgaizefy@admin.ch,Female,98.138.129.200,Yuan Renminbi
576,Betti,Bumpas,bbumpasfz@fema.gov,Female,32.19.226.150,Yuan Renminbi
577,Mac,Storre,mstorreg0@moonfruit.com,Male,242.223.66.92,Peso
578,Harli,Nalder,hnalderg1@vk.com,Female,225.160.172.3,Rupiah
579,Krissy,Yarranton,kyarrantong2@symantec.com,Female,241.195.115.106,Zloty
580,Courtney,Betteridge,cbetteridgeg3@ning.com,Male,22.117.51.250,Rupiah
581,Buiron,Grimolbie,bgrimolbieg4@github.com,Male,127.58.251.97,Euro
582,Barclay,Balderstone,bbalderstoneg5@google.pl,Male,87.250.68.151,Ruble
583,Freedman,Alkin,falking6@ebay.com,Male,46.18.252.91,Peso
584,Georgeanna,Heningam,gheningamg7@tmall.com,Female,82.2.110.81,Vatu
585,Nicol,Dani,ndanig8@dyndns.org,Female,16.244.179.67,Euro
586,Vivianne,Sherville,vshervilleg9@comsenz.com,Female,91.241.42.57,Rupiah
587,Jacob,Fullwood,jfullwoodga@thetimes.co.uk,Male,121.184.58.93,Euro
588,Tudor,Petrello,tpetrellogb@ucoz.com,Male,135.130.138.23,Pound
589,Engracia,Golding,egoldinggc@huffingtonpost.com,Female,216.216.117.116,Yuan Renminbi
590,Bianka,Spaducci,bspaduccigd@de.vu,Female,202.180.140.88,Real
591,Rochette,Jakubowski,rjakubowskige@tamu.edu,Female,35.82.151.96,Yuan Renminbi
592,Naomi,Gurg,ngurggf@g.co,Female,252.31.184.82,Afghani
593,El,Hugueville,ehuguevillegg@mozilla.org,Male,152.190.127.147,Ringgit
594,Johna,Hellen,jhellengh@guardian.co.uk,Female,59.206.97.247,Kwacha
595,Pernell,Blackaller,pblackallergi@disqus.com,Male,76.139.210.222,Yuan Renminbi
596,Trudie,Bache,tbachegj@instagram.com,Genderfluid,237.86.173.104,Euro
597,Juli,Winslow,jwinslowgk@alibaba.com,Female,134.192.170.231,Euro
598,Dallas,Stollmeier,dstollmeiergl@jugem.jp,Male,245.189.134.218,Peso
599,Miguelita,Elsmore,melsmoregm@pen.io,Female,211.64.154.219,Rupiah
600,Zia,Newarte,znewartegn@yale.edu,Non-binary,131.228.183.82,Rupiah
601,Brig,Chataignier,bchataigniergo@google.com.hk,Male,64.118.230.203,Yuan Renminbi
602,Joly,Yitzovicz,jyitzoviczgp@sakura.ne.jp,Agender,4.141.163.95,Dong
603,Norbie,Tothacot,ntothacotgq@domainmarket.com,Male,13.123.42.9,Krone
604,Emmie,Beminster,ebeminstergr@zimbio.com,Female,34.48.148.178,Yuan Renminbi
605,Hayley,Blennerhassett,hblennerhassettgs@who.int,Female,88.240.111.184,Euro
606,Connie,Foker,cfokergt@g.co,Female,255.105.246.5,Dirham
607,Edi,Shellcross,eshellcrossgu@bing.com,Female,176.233.10.219,Yuan Renminbi
608,Berta,Baukham,bbaukhamgv@skype.com,Female,231.145.176.102,Real
609,Janith,Plenderleith,jplenderleithgw@acquirethisname.com,Female,38.27.52.235,Rupiah
610,Fitz,Lazer,flazergx@shop-pro.jp,Male,63.236.240.137,Rupiah
611,Bernelle,Nobbs,bnobbsgy@netvibes.com,Female,2.243.47.3,Real
612,Paulo,Coey,pcoeygz@shinystat.com,Male,79.151.180.43,Yuan Renminbi
613,Christian,Wakeford,cwakefordh0@vimeo.com,Female,65.128.161.128,Yuan Renminbi
614,Cello,Thorlby,cthorlbyh1@abc.net.au,Male,153.175.26.141,Rupiah
615,Trace,Mauditt,tmauditth2@hhs.gov,Polygender,21.107.170.93,Won
616,Fran,Rainsbury,frainsburyh3@huffingtonpost.com,Female,190.237.10.18,Krona
617,Nial,Benford,nbenfordh4@imdb.com,Male,19.2.171.80,Euro
618,Annecorinne,Fautley,afautleyh5@feedburner.com,Bigender,100.163.28.53,Dollar
619,Craig,Webberley,cwebberleyh6@blog.com,Male,108.4.249.88,Pula
620,Charyl,Bloor,cbloorh7@redcross.org,Female,170.120.11.31,Peso
621,Eleonora,Kniveton,eknivetonh8@acquirethisname.com,Female,64.8.140.236,Dollar
622,Michal,Catcherside,mcatchersideh9@infoseek.co.jp,Female,231.124.129.62,Yuan Renminbi
623,Vittoria,Cudde,vcuddeha@trellian.com,Genderfluid,153.3.117.224,Rand
624,Gard,Goad,ggoadhb@wordpress.com,Male,179.152.92.71,Yuan Renminbi
625,Ettore,Galtone,egaltonehc@bandcamp.com,Genderfluid,147.106.139.206,Ruble
626,Daryl,Cryer,dcryerhd@free.fr,Genderfluid,223.89.198.75,Yuan Renminbi
627,Theresina,Maty,tmatyhe@godaddy.com,Female,151.141.70.42,Rupiah
628,Lilah,Thornham,lthornhamhf@about.com,Female,80.66.63.27,Yuan Renminbi
629,Quillan,Scholling,qschollinghg@livejournal.com,Male,37.115.245.243,Shekel
630,Jobi,Frigout,jfrigouthh@pinterest.com,Female,67.233.156.73,Yuan Renminbi
631,Alanson,Baird,abairdhi@china.com.cn,Male,145.27.210.20,Yuan Renminbi
632,Ware,Jirus,wjirushj@wunderground.com,Male,203.152.146.9,Yuan Renminbi
633,Joseito,Stanning,jstanninghk@cafepress.com,Male,73.100.225.15,Peso
634,Anya,McLae,amclaehl@drupal.org,Female,113.163.204.185,Baht
635,Amelia,Peddie,apeddiehm@bluehost.com,Female,243.136.181.8,Real
636,Heloise,Prandoni,hprandonihn@so-net.ne.jp,Female,136.195.210.232,Krona
637,Ferdinanda,McLaverty,fmclavertyho@shutterfly.com,Female,255.255.249.242,Euro
638,Opalina,Leith,oleithhp@nature.com,Female,152.177.39.22,Euro
639,Gage,Gianninotti,ggianninottihq@java.com,Male,102.194.157.184,Zloty
640,Fanya,Santora,fsantorahr@europa.eu,Female,63.139.229.168,Rupiah
641,Mead,Daley,mdaleyhs@zdnet.com,Male,217.234.160.42,Dollar
642,Livia,Rudram,lrudramht@walmart.com,Female,40.25.29.250,Birr
643,Frederich,Whorall,fwhorallhu@imdb.com,Polygender,175.43.149.72,Peso
644,Romain,Sturmey,rsturmeyhv@acquirethisname.com,Male,8.225.54.208,Franc
645,Agata,Schwand,aschwandhw@weather.com,Female,222.61.152.48,Dong
646,Mab,Cornthwaite,mcornthwaitehx@merriam-webster.com,Female,145.233.155.244,Yuan Renminbi
647,Lucius,Ashley,lashleyhy@yellowbook.com,Male,216.95.247.117,Bolivar
648,Giordano,Adamoli,gadamolihz@pen.io,Male,252.177.216.5,Baht
649,Randi,Tomkins,rtomkinsi0@forbes.com,Male,242.32.183.94,Euro
650,Henderson,Rulf,hrulfi1@umn.edu,Male,155.7.158.116,Won
651,Ddene,Filipiak,dfilipiaki2@samsung.com,Female,81.241.132.229,Yuan Renminbi
652,Sibyl,Lifton,sliftoni3@walmart.com,Male,8.63.45.200,Krona
653,Nata,Ivoshin,nivoshini4@jugem.jp,Female,139.88.160.182,Bolivar
654,Karita,Machon,kmachoni5@google.co.uk,Genderfluid,143.37.196.217,Yuan Renminbi
655,Hieronymus,Jenkin,hjenkini6@loc.gov,Male,244.91.214.2,Peso
656,Shadow,Vaneev,svaneevi7@storify.com,Male,110.94.92.131,Koruna
657,Curry,Scuffham,cscuffhami8@sakura.ne.jp,Male,236.224.89.19,Euro
658,Yoshi,Rickeard,yrickeardi9@booking.com,Female,20.191.9.243,Peso
659,Helsa,Mathiot,hmathiotia@noaa.gov,Female,127.3.125.59,Euro
660,Vladimir,Levington,vlevingtonib@addthis.com,Male,20.125.98.218,Yuan Renminbi
661,Dorry,Pike,dpikeic@ft.com,Female,127.130.157.17,Kuna
662,Deeyn,Alban,dalbanid@utexas.edu,Female,252.157.251.234,Yuan Renminbi
663,Moore,Stubbe,mstubbeie@barnesandnoble.com,Male,196.236.255.214,Yuan Renminbi
664,Neill,Olijve,nolijveif@berkeley.edu,Male,27.103.172.101,Rupee
665,Gabe,Abrahmovici,gabrahmoviciig@behance.net,Male,77.78.171.119,Dollar
666,Jolyn,Lind,jlindih@plala.or.jp,Female,59.20.119.141,Peso
667,Quintana,Dufton,qduftonii@hugedomains.com,Female,4.135.98.14,Marka
668,Carr,Simoncini,csimonciniij@newsvine.com,Male,79.157.1.250,Bolivar
669,Fayette,Norridge,fnorridgeik@wikipedia.org,Female,77.122.70.201,Euro
670,Elana,Hulke,ehulkeil@cargocollective.com,Female,18.162.71.34,Yuan Renminbi
671,Raff,Rance,rranceim@msn.com,Male,28.125.74.47,Peso
672,Seymour,Petriello,spetrielloin@gov.uk,Male,29.53.221.252,Rupiah
673,Berkley,Tremblett,btremblettio@va.gov,Male,6.120.132.210,Ruble
674,Skipper,Fellows,sfellowsip@shutterfly.com,Male,223.192.11.105,Dollar
675,Elfrieda,McSporon,emcsporoniq@fema.gov,Female,236.122.70.169,Ruble
676,Ashia,Adamovitch,aadamovitchir@marriott.com,Female,83.39.192.245,Yuan Renminbi
677,Arri,Cornford,acornfordis@shop-pro.jp,Male,201.3.203.255,Ringgit
678,Cesar,Lembrick,clembrickit@eepurl.com,Male,31.29.234.72,Yuan Renminbi
679,Had,Domke,hdomkeiu@blogspot.com,Male,154.162.29.103,Bolivar
680,Lefty,Giacovetti,lgiacovettiiv@bravesites.com,Male,245.67.5.127,Yuan Renminbi
681,Kerwin,Patten,kpatteniw@nih.gov,Male,159.216.249.44,Dram
682,Beret,Dominiak,bdominiakix@msn.com,Female,209.146.56.206,Ruble
683,Grantham,Fortnum,gfortnumiy@baidu.com,Male,104.17.101.242,Hryvnia
684,Steffi,Sherry,ssherryiz@indiatimes.com,Female,137.183.191.106,Yuan Renminbi
685,Bennie,Dykes,bdykesj0@php.net,Male,66.122.40.223,Peso
686,Ilyssa,Selborne,iselbornej1@fema.gov,Female,167.178.116.7,Krona
687,Wilbur,Kiff,wkiffj2@histats.com,Male,255.233.35.252,Rupiah
688,Hedy,Gamlin,hgamlinj3@illinois.edu,Female,140.149.163.237,Dollar
689,Arch,Iddiens,aiddiensj4@people.com.cn,Male,253.61.23.64,Rupiah
690,Florri,Fender,ffenderj5@baidu.com,Female,20.198.245.146,Rial
691,Patsy,Henze,phenzej6@state.tx.us,Female,63.200.50.193,Yuan Renminbi
692,Gunar,Walczynski,gwalczynskij7@stanford.edu,Male,7.223.253.97,Yuan Renminbi
693,Donavon,Feltham,dfelthamj8@sakura.ne.jp,Male,188.17.144.24,Ruble
694,Elroy,O'Hanley,eohanleyj9@irs.gov,Male,28.216.63.184,Euro
695,Kellby,Lichtfoth,klichtfothja@washingtonpost.com,Male,245.162.221.186,Peso
696,Angeli,Peckham,apeckhamjb@youtube.com,Male,31.53.0.7,Yuan Renminbi
697,Richard,McCartney,rmccartneyjc@nasa.gov,Male,187.69.117.100,Yuan Renminbi
698,Fannie,Sictornes,fsictornesjd@feedburner.com,Female,37.72.106.218,Euro
699,Paddie,Marqyes,pmarqyesje@g.co,Male,65.129.46.112,Marka
700,Jacobo,McKleod,jmckleodjf@bbc.co.uk,Male,162.227.9.17,Yuan Renminbi
701,Cyndia,Booker,cbookerjg@npr.org,Female,104.175.85.67,Dollar
702,Tiffy,Borsi,tborsijh@mlb.com,Polygender,215.97.146.177,Peso
703,Jocelyn,Plante,jplanteji@ft.com,Female,209.84.36.84,Rupiah
704,Cammi,Camus,ccamusjj@addtoany.com,Bigender,41.192.83.140,Yuan Renminbi
705,Lorenzo,Golledge,lgolledgejk@list-manage.com,Male,125.228.238.149,Hryvnia
706,Nolana,Upfold,nupfoldjl@thetimes.co.uk,Female,201.68.72.58,Dollar
707,Andres,Nuzzti,anuzztijm@wiley.com,Male,244.119.112.113,Yuan Renminbi
708,Fernando,Karleman,fkarlemanjn@alexa.com,Male,53.10.161.54,Rial
709,Gladi,Cryer,gcryerjo@opera.com,Female,22.134.138.100,Zloty
710,Alyson,Farren,afarrenjp@google.com.au,Female,23.113.129.25,Krone
711,Alastair,Fraczak,afraczakjq@samsung.com,Male,131.235.194.41,Krona
712,Ganny,Omrod,gomrodjr@telegraph.co.uk,Male,180.175.226.138,Yuan Renminbi
713,Tyrus,Keetley,tkeetleyjs@cnn.com,Male,244.227.112.5,Yuan Renminbi
714,Michaella,Coggon,mcoggonjt@army.mil,Female,229.209.98.216,Dinar
715,Silvio,Murtell,smurtellju@google.nl,Male,250.225.145.18,Dirham
716,Cyrillus,Benyon,cbenyonjv@usatoday.com,Male,58.18.53.88,Krone
717,Valera,Le-Good,vlegoodjw@facebook.com,Female,123.78.219.68,Dollar
718,Anna-maria,Christer,achristerjx@uol.com.br,Female,160.123.202.212,Ruble
719,Berte,Liston,blistonjy@examiner.com,Female,208.149.133.223,Pound
720,Sybil,Aherne,sahernejz@army.mil,Genderfluid,39.84.232.50,Krona
721,Garner,Osbourn,gosbournk0@rakuten.co.jp,Male,65.126.252.112,Euro
722,Gianina,Plampin,gplampink1@t-online.de,Female,211.5.59.55,Ruble
723,Alair,Etherton,aethertonk2@sohu.com,Male,111.205.224.36,Peso
724,Honey,Hassey,hhasseyk3@bloglines.com,Female,125.97.171.111,Sol
725,Samaria,Stambridge,sstambridgek4@prweb.com,Female,47.171.28.48,Marka
726,Winny,Dunn,wdunnk5@netvibes.com,Male,28.161.113.167,Euro
727,Hastie,Cotta,hcottak6@nhs.uk,Male,186.3.247.173,Peso
728,Ginnie,Boxall,gboxallk7@seattletimes.com,Agender,115.117.62.32,Yuan Renminbi
729,Huey,Shaw,hshawk8@blogs.com,Male,164.164.92.114,Ruble
730,Quent,Dargavel,qdargavelk9@ameblo.jp,Male,243.210.255.18,Euro
731,Durand,Hanne,dhanneka@google.nl,Male,162.0.19.254,Dollar
732,Micheil,Sanbroke,msanbrokekb@washingtonpost.com,Male,163.37.2.155,Rupiah
733,Dominique,Ram,dramkc@admin.ch,Male,1.54.159.131,Shekel
734,Darlene,Badrick,dbadrickkd@washingtonpost.com,Female,47.205.85.123,Dollar
735,Chrystal,Upfold,cupfoldke@technorati.com,Non-binary,77.54.12.62,Dong
736,Jacklin,Boak,jboakkf@rediff.com,Female,55.70.137.213,Yuan Renminbi
737,Herby,McGinly,hmcginlykg@php.net,Male,156.43.40.192,Euro
738,Halette,Nyssens,hnyssenskh@bloglovin.com,Female,74.162.119.208,Real
739,Wittie,Bigadike,wbigadikeki@yellowbook.com,Male,255.85.227.160,Rupiah
740,Anette,Constanza,aconstanzakj@nature.com,Female,51.247.66.154,Yuan Renminbi
741,Candace,Petkovic,cpetkovickk@goo.gl,Female,116.155.3.224,Lempira
742,Easter,Espada,eespadakl@msn.com,Female,123.132.29.171,Euro
743,Umberto,McCrackan,umccrackankm@prnewswire.com,Male,201.93.195.145,Quetzal
744,Danila,Befroy,dbefroykn@friendfeed.com,Female,94.26.85.103,Koruna
745,Twila,Atthowe,tatthoweko@harvard.edu,Female,200.198.186.231,Hryvnia
746,Madelina,Cridge,mcridgekp@examiner.com,Female,28.131.151.160,Tugrik
747,Murdock,Samet,msametkq@ow.ly,Male,83.129.103.191,Euro
748,Rochester,Starmont,rstarmontkr@ameblo.jp,Male,24.197.59.176,Rupiah
749,Kimberlyn,Pigram,kpigramks@illinois.edu,Female,148.105.52.229,Yuan Renminbi
750,Lind,Clack,lclackkt@ustream.tv,Male,187.54.112.177,Real
751,Helyn,Friskey,hfriskeyku@blogspot.com,Female,196.117.130.239,Yen
752,Sybyl,Murkitt,smurkittkv@google.de,Female,196.103.150.236,Euro
753,Ralph,Deinhard,rdeinhardkw@cyberchimps.com,Male,7.153.174.252,Zloty
754,Valry,Andreas,vandreaskx@blogs.com,Female,138.187.68.42,Hryvnia
755,Golda,Markova,gmarkovaky@vimeo.com,Female,31.92.11.235,Yuan Renminbi
756,Donielle,O'Dempsey,dodempseykz@usnews.com,Female,234.192.247.241,Ruble
757,Kleon,Burberye,kburberyel0@marriott.com,Genderqueer,44.74.189.53,Colon
758,Ulla,Carde,ucardel1@un.org,Genderfluid,251.168.24.124,Euro
759,Jorge,Kennan,jkennanl2@intel.com,Male,55.123.253.81,Kip
760,Wendy,Creech,wcreechl3@mozilla.com,Female,191.151.139.136,Yuan Renminbi
761,Giffie,Swinfon,gswinfonl4@booking.com,Male,139.73.158.179,Yuan Renminbi
762,Gerri,Skin,gskinl5@blinklist.com,Female,179.24.25.61,Yuan Renminbi
763,Rowena,Meadway,rmeadwayl6@pinterest.com,Female,127.189.37.18,Euro
764,Mitchell,Pallasch,mpallaschl7@msn.com,Male,77.156.136.235,Euro
765,Cassie,Castilla,ccastillal8@yelp.com,Female,82.91.88.22,Zloty
766,Ephraim,Harrop,eharropl9@netvibes.com,Male,214.214.39.47,Sol
767,Eddi,Miell,emiellla@bloglovin.com,Female,191.199.127.79,Ruble
768,Aime,Offen,aoffenlb@telegraph.co.uk,Female,203.219.34.162,Yuan Renminbi
769,Revkah,Sneden,rsnedenlc@rediff.com,Female,244.204.9.82,Yuan Renminbi
770,Marlo,Attiwill,mattiwillld@java.com,Female,128.101.40.157,Euro
771,Barnebas,Lapwood,blapwoodle@smugmug.com,Male,35.45.0.176,Rupiah
772,Mercedes,Blackstock,mblackstocklf@deliciousdays.com,Female,254.115.152.156,Peso
773,Martelle,Shovelton,mshoveltonlg@arizona.edu,Female,34.208.231.15,Yuan Renminbi
774,Ingelbert,Walbrun,iwalbrunlh@google.com.br,Male,88.142.109.10,Yuan Renminbi
775,Karolina,St. Louis,kstlouisli@plala.or.jp,Female,3.118.11.46,Krone
776,Torey,Sanchez,tsanchezlj@answers.com,Male,221.104.157.252,Naira
777,Jayme,Thebes,jthebeslk@jalbum.net,Female,11.237.122.175,Euro
778,Angie,Joskowicz,ajoskowiczll@sfgate.com,Female,123.116.97.230,Peso
779,Murray,Bride,mbridelm@ca.gov,Male,161.149.237.79,Yuan Renminbi
780,Lindi,Domke,ldomkeln@blogger.com,Female,106.234.18.76,Dinar
781,Karmen,Dawbery,kdawberylo@twitpic.com,Female,126.120.140.170,Yuan Renminbi
782,Mary,Labone,mlabonelp@imdb.com,Female,80.250.207.6,Peso
783,Elijah,Dundredge,edundredgelq@artisteer.com,Male,139.246.202.235,Real
784,Loretta,Claybourne,lclaybournelr@123-reg.co.uk,Female,12.202.124.91,Peso
785,Drud,Purcell,dpurcellls@independent.co.uk,Male,6.147.30.135,Krona
786,Feodora,O'Codihie,focodihielt@amazon.com,Female,212.238.86.199,Lek
787,Adair,Agott,aagottlu@mozilla.com,Male,230.1.253.167,Peso
788,Marylinda,Haddon,mhaddonlv@xrea.com,Female,17.88.229.206,Rupiah
789,Rutledge,Fillan,rfillanlw@ovh.net,Male,151.156.184.234,Euro
790,Cindra,Houltham,choulthamlx@51.la,Female,200.106.83.90,Yuan Renminbi
791,Jacqui,Kubasek,jkubasekly@arizona.edu,Female,127.62.54.73,Kwanza
792,Juana,Parrot,jparrotlz@forbes.com,Female,46.148.92.121,Euro
793,Madelon,Joerning,mjoerningm0@jiathis.com,Female,179.229.141.67,Yuan Renminbi
794,Hall,Fozzard,hfozzardm1@t-online.de,Male,181.197.84.50,Ruble
795,Alta,Illidge,aillidgem2@smugmug.com,Bigender,153.209.70.178,Rand
796,Vyky,Aysh,vayshm3@newsvine.com,Female,132.47.98.110,Yuan Renminbi
797,Jackie,Lamplough,jlamploughm4@wired.com,Male,97.105.114.58,Zloty
798,Tadeo,Casterou,tcasteroum5@ft.com,Male,62.52.92.152,Euro
799,Roxanne,Dansie,rdansiem6@nasa.gov,Female,122.51.162.93,Yuan Renminbi
800,Dorelia,Hayes,dhayesm7@vk.com,Female,77.148.225.52,Ruble
801,Stanislaus,Jugging,sjuggingm8@bing.com,Male,71.4.59.251,Ruble
802,Patrick,Threlkeld,pthrelkeldm9@slideshare.net,Male,51.12.244.250,Zloty
803,Sacha,Formie,sformiema@amazon.co.jp,Female,160.207.17.124,Real
804,Bess,Solomonides,bsolomonidesmb@dailymail.co.uk,Female,244.243.88.187,Euro
805,Aron,Feares,afearesmc@omniture.com,Male,246.203.127.139,Leu
806,Pren,Heimann,pheimannmd@guardian.co.uk,Male,165.144.221.129,Sol
807,Jennifer,Tomek,jtomekme@goo.ne.jp,Female,216.85.102.158,Yuan Renminbi
808,Stanton,Thaim,sthaimmf@rediff.com,Male,98.244.183.122,Yuan Renminbi
809,Stanislaus,Moss,smossmg@issuu.com,Male,21.101.77.243,Koruna
810,Granville,Pinson,gpinsonmh@statcounter.com,Bigender,137.121.64.15,Peso
811,Claudina,Koenraad,ckoenraadmi@sphinn.com,Female,104.72.169.240,Peso
812,Gordan,Hlavecek,ghlavecekmj@cdbaby.com,Male,170.177.71.61,Peso
813,Cristy,Ondricek,condricekmk@harvard.edu,Female,176.66.96.248,Ruble
814,Rory,Ochterlony,rochterlonyml@smh.com.au,Female,173.214.204.208,Peso
815,Winni,Dominichetti,wdominichettimm@fc2.com,Female,88.222.232.118,Rupee
816,Cacilia,Thyer,cthyermn@illinois.edu,Non-binary,192.182.237.181,Rupiah
817,Wald,Fruchter,wfruchtermo@furl.net,Male,25.112.18.211,Peso
818,Benita,Astin,bastinmp@ibm.com,Female,21.116.194.52,Shilling
819,Arte,Seers,aseersmq@homestead.com,Male,74.6.137.1,Ruble
820,Tonia,Steabler,tsteablermr@epa.gov,Polygender,217.180.211.215,Rupiah
821,Alvira,Thyer,athyerms@multiply.com,Female,37.74.142.227,Ruble
822,Charlie,Barson,cbarsonmt@biglobe.ne.jp,Polygender,92.52.175.186,Peso
823,Vinny,Garden,vgardenmu@so-net.ne.jp,Male,103.241.234.223,Litas
824,Joelle,Mogenot,jmogenotmv@marriott.com,Female,78.12.178.173,Krona
825,Kincaid,Groll,kgrollmw@altervista.org,Male,222.155.119.212,Rupiah
826,Tymothy,Samuels,tsamuelsmx@boston.com,Male,224.28.96.204,Yuan Renminbi
827,Jennilee,Broadberry,jbroadberrymy@paginegialle.it,Female,238.109.162.200,Euro
828,Lorine,Treace,ltreacemz@symantec.com,Female,185.5.34.245,Yuan Renminbi
829,Renelle,Wurst,rwurstn0@over-blog.com,Female,141.233.135.238,Euro
830,Felicle,Edsell,fedselln1@tamu.edu,Female,253.95.218.26,Euro
831,Rubin,Lundbeck,rlundbeckn2@tinypic.com,Male,126.112.43.75,Yuan Renminbi
832,Demetrius,Truwert,dtruwertn3@senate.gov,Male,153.99.254.115,Krona
833,Broddy,Haslewood,bhaslewoodn4@networksolutions.com,Male,71.37.174.161,Sol
834,Julissa,Burgane,jburganen5@odnoklassniki.ru,Female,188.127.103.51,Yuan Renminbi
835,Ilse,Koppes,ikoppesn6@posterous.com,Female,224.102.56.190,Krone
836,Lark,Ratlee,lratleen7@bluehost.com,Female,190.234.24.72,Ruble
837,Jaymee,Gronow,jgronown8@geocities.com,Female,77.60.56.97,Yuan Renminbi
838,Judas,McLeese,jmcleesen9@tinypic.com,Polygender,216.98.48.211,Peso
839,Ceil,Broomfield,cbroomfieldna@fastcompany.com,Female,130.152.37.23,Koruna
840,Felipa,Senyard,fsenyardnb@telegraph.co.uk,Female,223.241.164.243,Yuan Renminbi
841,Pascale,Philbrick,pphilbricknc@mlb.com,Male,123.13.121.158,Rupiah
842,Meghann,Salliss,msallissnd@google.com.au,Female,78.234.221.28,Tugrik
843,Pall,Grasha,pgrashane@globo.com,Male,244.113.221.243,Rupiah
844,Brandise,Huntress,bhuntressnf@newyorker.com,Polygender,101.168.131.97,Euro
845,Silvio,Bossom,sbossomng@sun.com,Male,192.0.109.233,Rupiah
846,Chadd,Blasi,cblasinh@dagondesign.com,Male,201.199.198.44,Ruble
847,Richy,Sambell,rsambellni@pbs.org,Male,199.55.182.43,Ruble
848,Christy,Toffts,ctofftsnj@imgur.com,Female,200.48.244.168,Real
849,Ashleigh,Lomax,alomaxnk@virginia.edu,Female,83.171.104.136,Koruna
850,Catriona,Dunkerley,cdunkerleynl@jalbum.net,Female,12.120.121.206,Yuan Renminbi
851,Eadmund,Tarbin,etarbinnm@wikia.com,Male,95.184.227.239,Hryvnia
852,Hurleigh,Bosche,hboschenn@tripadvisor.com,Male,17.147.87.184,Yuan Renminbi
853,Cullen,Budden,cbuddenno@mapquest.com,Bigender,110.90.3.164,Dollar
854,Glori,Swoffer,gswoffernp@google.es,Female,145.90.57.108,Yuan Renminbi
855,Emerson,Coopman,ecoopmannq@newyorker.com,Male,104.8.145.74,Ruble
856,Franny,McRuvie,fmcruvienr@github.io,Female,236.29.203.175,Rupiah
857,Miles,Heigold,mheigoldns@auda.org.au,Polygender,28.79.44.66,Krona
858,Elmira,Beckerleg,ebeckerlegnt@oracle.com,Non-binary,171.232.169.116,Yuan Renminbi
859,Vite,Issacoff,vissacoffnu@cbc.ca,Male,218.200.169.75,Euro
860,Francene,Hansley,fhansleynv@google.pl,Female,6.28.211.73,Ruble
861,Tab,Dillingham,tdillinghamnw@marketwatch.com,Male,191.185.155.151,Bolivar
862,Raffaello,Dewbury,rdewburynx@reference.com,Male,87.211.133.51,Euro
863,Ruy,Skaif,rskaifny@noaa.gov,Male,59.149.0.219,Rupiah
864,Meggy,Underwood,munderwoodnz@delicious.com,Female,208.48.100.14,Balboa
865,Filide,Cabera,fcaberao0@youtu.be,Female,65.218.33.11,Rupiah
866,Susy,Findlay,sfindlayo1@sun.com,Female,32.237.148.195,Ruble
867,Loraine,Marr,lmarro2@naver.com,Female,88.4.109.241,Lek
868,Nanni,Liversidge,nliversidgeo3@linkedin.com,Female,156.201.104.30,Hryvnia
869,Angelo,Druery,adrueryo4@hatena.ne.jp,Male,202.151.37.198,Yuan Renminbi
870,Faythe,Pickerell,fpickerello5@statcounter.com,Female,52.100.9.42,Rupee
871,Noemi,Gammon,ngammono6@hatena.ne.jp,Female,139.175.19.163,Yuan Renminbi
872,Timi,Dorran,tdorrano7@printfriendly.com,Female,221.173.166.43,Euro
873,Kean,Dennehy,kdennehyo8@delicious.com,Male,169.34.160.26,Dollar
874,Agatha,Hadkins,ahadkinso9@amazon.com,Female,103.232.150.148,Baht
875,Ada,Braddon,abraddonoa@independent.co.uk,Female,31.51.163.45,Real
876,Vicky,Kubalek,vkubalekob@cnet.com,Female,43.252.107.172,Dinar
877,Audrie,Zanotti,azanottioc@g.co,Female,84.121.200.18,Dirham
878,Brinna,Izod,bizodod@mapquest.com,Female,87.174.124.120,Krone
879,Giuditta,Benka,gbenkaoe@engadget.com,Female,25.82.63.19,Dollar
880,Rubin,Richens,rrichensof@aboutads.info,Male,115.206.44.216,Hryvnia
881,Olympe,Agirre,oagirreog@harvard.edu,Female,29.198.150.6,Ruble
882,Franky,Brimmacombe,fbrimmacombeoh@baidu.com,Male,229.75.114.231,Real
883,Ariana,Jancy,ajancyoi@comsenz.com,Female,65.45.120.204,Hryvnia
884,Sibbie,Machent,smachentoj@usgs.gov,Female,144.185.49.51,Franc
885,Phoebe,Coppens,pcoppensok@google.fr,Female,174.25.79.169,Won
886,Vonny,Bradock,vbradockol@dropbox.com,Female,23.141.140.192,Dong
887,Inigo,Duligall,iduligallom@reference.com,Male,129.202.151.21,Yuan Renminbi
888,Elnora,De Hooch,edehoochon@usatoday.com,Female,123.7.117.18,Euro
889,Gibbie,Tussaine,gtussaineoo@eventbrite.com,Male,21.78.36.201,Won
890,Amos,Juggings,ajuggingsop@wiley.com,Male,51.218.109.193,Ruble
891,Basil,Dodd,bdoddoq@shop-pro.jp,Male,108.193.10.91,Real
892,Verge,Cheverell,vcheverellor@dagondesign.com,Male,153.16.29.112,Euro
893,Law,Rodwell,lrodwellos@goo.ne.jp,Male,234.7.114.140,Shekel
894,Jamal,Burbudge,jburbudgeot@cmu.edu,Male,40.213.163.17,Dinar
895,Em,Enticott,eenticottou@slideshare.net,Male,116.22.5.105,Rupiah
896,Caryl,Pfeuffer,cpfeufferov@slate.com,Male,183.4.68.1,Euro
897,Xerxes,Corbould,xcorbouldow@epa.gov,Male,200.54.211.58,Franc
898,Regina,Etoile,retoileox@vkontakte.ru,Female,52.103.213.199,Peso
899,Daren,Bolland,dbollandoy@state.gov,Male,2.199.229.201,Rupiah
900,Evy,Critchell,ecritchelloz@prweb.com,Female,4.52.226.237,Guarani
901,Ashton,Kinnie,akinniep0@shutterfly.com,Male,166.59.250.244,Peso
902,Ernie,McCarlich,emccarlichp1@drupal.org,Male,31.63.138.2,Quetzal
903,Andrea,Tarquinio,atarquiniop2@cam.ac.uk,Female,70.97.40.147,Zloty
904,Simeon,Cheltnam,scheltnamp3@pinterest.com,Male,68.184.26.56,Yuan Renminbi
905,Wildon,Nelles,wnellesp4@intel.com,Male,246.217.10.230,Rand
906,Bell,Anscombe,banscombep5@ted.com,Female,99.180.107.115,Dirham
907,Elaina,Lechmere,elechmerep6@aol.com,Female,134.89.47.182,Dollar
908,Sabrina,Leask,sleaskp7@cdbaby.com,Female,240.138.172.37,Yuan Renminbi
909,Jaymie,Harrow,jharrowp8@t-online.de,Male,231.145.125.34,Peso
910,Brewster,Turn,bturnp9@plala.or.jp,Male,88.58.119.173,Franc
911,Wiatt,Piotr,wpiotrpa@fc2.com,Male,63.159.124.97,Ruble
912,Franzen,Tatem,ftatempb@amazonaws.com,Male,242.165.32.0,Euro
913,Hercules,Yockney,hyockneypc@eventbrite.com,Male,18.198.99.162,Euro
914,Betta,Wodeland,bwodelandpd@shareasale.com,Female,16.93.199.23,Rand
915,Mattias,Zaczek,mzaczekpe@networkadvertising.org,Male,66.252.26.91,Peso
916,Cherice,Prosh,cproshpf@smh.com.au,Female,107.66.8.129,Dollar
917,Morris,Santus,msantuspg@imdb.com,Male,175.113.76.53,Franc
918,Gus,Keinrat,gkeinratph@parallels.com,Bigender,182.241.106.253,Peso
919,Gordan,Hounsom,ghounsompi@blogger.com,Male,239.154.38.145,Euro
920,Etta,Stapells,estapellspj@sphinn.com,Female,141.236.73.17,Zloty
921,Court,Vedyashkin,cvedyashkinpk@epa.gov,Male,75.244.150.224,Dong
922,Dory,Downie,ddowniepl@narod.ru,Male,232.31.191.243,Yuan Renminbi
923,Tripp,Filipponi,tfilipponipm@typepad.com,Male,193.53.108.158,Balboa
924,Westbrook,Mewha,wmewhapn@barnesandnoble.com,Male,175.150.224.175,Franc
925,Udale,Dyne,udynepo@rambler.ru,Male,108.107.24.30,Rupiah
926,Aura,Yanshonok,ayanshonokpp@sbwire.com,Female,156.195.90.189,Sol
927,Mic,Agostini,magostinipq@google.fr,Male,131.252.37.114,Peso
928,Ilise,Urwin,iurwinpr@epa.gov,Female,45.210.13.117,Koruna
929,Sylvan,Beddo,sbeddops@php.net,Male,142.127.6.85,Shekel
930,Herve,Powdrell,hpowdrellpt@ustream.tv,Male,61.94.51.40,Yuan Renminbi
931,Dody,Dyers,ddyerspu@facebook.com,Female,233.150.167.30,Naira
932,Tandie,Kienle,tkienlepv@webs.com,Female,233.216.198.208,Dinar
933,Burtie,Belham,bbelhampw@biblegateway.com,Male,219.77.136.216,Krona
934,Radcliffe,Byrnes,rbyrnespx@geocities.com,Male,128.249.27.124,Rand
935,Omar,McGrudder,omcgrudderpy@youtube.com,Male,181.231.138.56,Peso
936,Malchy,Jacques,mjacquespz@digg.com,Male,91.75.226.83,Ruble
937,Meredeth,Lortzing,mlortzingq0@pen.io,Genderfluid,242.200.195.94,Hryvnia
938,Yasmin,Banck,ybanckq1@whitehouse.gov,Genderfluid,92.111.4.149,Bolivar
939,Cicely,Georger,cgeorgerq2@spotify.com,Female,184.137.115.115,Yuan Renminbi
940,Harriette,Cino,hcinoq3@facebook.com,Female,158.4.79.96,Krone
941,Lidia,Bauman,lbaumanq4@wikia.com,Female,186.96.239.16,Yuan Renminbi
942,Marci,Purchall,mpurchallq5@stanford.edu,Female,232.148.215.84,Krona
943,Barry,Howison,bhowisonq6@blogger.com,Male,72.22.167.13,Peso
944,Tymothy,Kleinsinger,tkleinsingerq7@over-blog.com,Male,194.173.16.254,Peso
945,Hallie,Gusticke,hgustickeq8@blinklist.com,Female,77.167.53.246,Euro
946,Randolf,Linay,rlinayq9@bbc.co.uk,Genderfluid,6.131.49.135,Peso
947,Obie,Speerman,ospeermanqa@china.com.cn,Male,169.196.67.136,Zloty
948,Iosep,Giffon,igiffonqb@mysql.com,Male,246.60.168.40,Rupiah
949,Katey,Warder,kwarderqc@posterous.com,Non-binary,163.38.235.233,Yuan Renminbi
950,Gavrielle,Macbane,gmacbaneqd@toplist.cz,Female,190.186.247.119,Franc
951,Jourdain,Pinhorn,jpinhornqe@gravatar.com,Male,147.230.51.18,Franc
952,Bryon,Gallamore,bgallamoreqf@altervista.org,Male,142.8.138.170,Euro
953,Elisabeth,Rosenfield,erosenfieldqg@jalbum.net,Female,183.167.219.197,Rupiah
954,Sheelah,Sleaford,ssleafordqh@t-online.de,Female,66.0.99.109,Rupiah
955,Gaby,Steggals,gsteggalsqi@ft.com,Male,144.0.176.255,Yuan Renminbi
956,Tobias,Keasy,tkeasyqj@ebay.co.uk,Male,175.249.231.32,Peso
957,Gusty,Patise,gpatiseqk@stanford.edu,Female,137.136.178.170,Yuan Renminbi
958,Toby,Toplis,ttoplisql@cdc.gov,Male,46.61.89.153,Rupiah
959,Raff,Francesc,rfrancescqm@yolasite.com,Male,200.115.23.75,Real
960,Dorelia,Shurmore,dshurmoreqn@goodreads.com,Female,254.70.153.38,Krona
961,Myranda,Broadbear,mbroadbearqo@webeden.co.uk,Female,40.7.107.156,Krona
962,Ruggiero,Nicolson,rnicolsonqp@hao123.com,Male,45.60.6.123,Yuan Renminbi
963,Bobbye,Karpychev,bkarpychevqq@networkadvertising.org,Female,215.241.216.234,Dollar
964,Aldus,Ber,aberqr@wired.com,Non-binary,55.61.109.130,Peso
965,Bettina,Earpe,bearpeqs@prlog.org,Female,193.218.205.134,Denar
966,Nedi,Pagnin,npagninqt@digg.com,Female,115.118.207.97,Kuna
967,Dulcinea,Struthers,dstruthersqu@blogs.com,Female,219.42.112.192,Yuan Renminbi
968,Dannye,Sneaker,dsneakerqv@mapy.cz,Female,53.27.24.66,Euro
969,Cayla,Sabattier,csabattierqw@cbc.ca,Female,224.159.210.186,Rupiah
970,Dorine,Jellicorse,djellicorseqx@blinklist.com,Polygender,43.58.52.177,Peso
971,Bidget,Tolefree,btolefreeqy@1und1.de,Female,170.234.6.0,Yuan Renminbi
972,Susann,Wynch,swynchqz@privacy.gov.au,Female,144.212.17.33,Euro
973,Wynnie,Connechie,wconnechier0@chron.com,Female,165.228.128.10,Euro
974,Griffie,Danielsky,gdanielskyr1@bravesites.com,Male,155.31.25.109,Euro
975,Jerrome,Insole,jinsoler2@ehow.com,Male,99.54.67.143,Peso
976,Sid,Cariss,scarissr3@hugedomains.com,Male,5.31.148.101,Rupiah
977,Thurstan,Durban,tdurbanr4@vistaprint.com,Male,222.81.65.210,Ruble
978,Pryce,Happs,phappsr5@blogspot.com,Male,140.143.111.178,Franc
979,Ralina,Gwilym,rgwilymr6@google.co.uk,Female,248.242.133.231,Rupiah
980,Dieter,Maddra,dmaddrar7@wordpress.org,Male,211.61.115.168,Birr
981,Vasilis,Heap,vheapr8@tinyurl.com,Male,159.104.201.10,Yuan Renminbi
982,Gerrie,Leadley,gleadleyr9@blogspot.com,Male,24.126.198.240,Lek
983,Neall,Engledow,nengledowra@intel.com,Male,143.155.158.34,Yuan Renminbi
984,Margalo,Cullnean,mcullneanrb@intel.com,Female,56.2.80.127,Krona
985,Gratiana,Pumphreys,gpumphreysrc@ca.gov,Female,242.6.197.117,Euro
986,Jesse,Wycherley,jwycherleyrd@github.com,Female,41.240.255.80,Rupiah
987,Marilyn,Fermor,mfermorre@ca.gov,Female,159.246.93.157,Yuan Renminbi
988,Maurene,Coley,mcoleyrf@tripadvisor.com,Female,69.54.127.210,Hryvnia
989,Carrissa,Bedells,cbedellsrg@nydailynews.com,Female,102.62.3.38,Hryvnia
990,Horace,Drakes,hdrakesrh@sbwire.com,Male,225.101.19.154,Yuan Renminbi
991,Burl,Cowser,bcowserri@icio.us,Male,42.255.188.53,Dollar
992,Lesley,Cheeney,lcheeneyrj@mashable.com,Female,38.77.40.162,Rupiah
993,Thorstein,McLemon,tmclemonrk@php.net,Male,6.38.255.55,Krona
994,Aloysia,Sneden,asnedenrl@reference.com,Female,37.226.238.206,Real
995,Milt,Noni,mnonirm@theguardian.com,Male,41.155.117.122,Yuan Renminbi
996,Giovanni,Bevar,gbevarrn@exblog.jp,Male,86.107.47.146,Dollar
997,Norry,Checkley,ncheckleyro@instagram.com,Polygender,4.228.27.231,Yuan Renminbi
998,Rosemary,Bastian,rbastianrp@state.gov,Female,54.155.199.70,Real
999,Paulita,Ritzman,pritzmanrq@ask.com,Female,219.223.46.187,Real
1000,Lion,Crace,lcracerr@sogou.com,Male,72.101.75.23,Peso
